Well_ID,Soil_Type
201,KSFC000007
218,KSFC000002
238,KSFC000007
296,KSFC000004
304,KSFC000007
310,KSFC000002
310,KSFC000006
310,KSFC000004
310,KSFC000006
310,KSFC000006
577,KSFC000005
636,KSFC000007
666,KSFC000007
731,KSFC000003
731,KSFC000003
779,KSFC000007
830,KSFC000007
833,KSFC000004
833,KSFC000004
833,KSFC000004
871,KSFC000006
927,KSFC000006
954,KSFC000007
1024,KSFC000004
1040,KSFC000007
1081,KSFC000006
1123,KSFC000001
1123,KSFC000001
1151,KSFC000007
1381,KSFC000004
1381,KSFC000004
1387,KSFC000005
1408,KSFC000004
1465,KSFC000007
1481,KSFC000004
1650,KSFC000002
1752,KSFC000007
1764,KSFC000004
1788,KSFC000003
1803,KSFC000002
1803,KSFC000002
1825,KSFC000004
1854,KSFC000007
1953,KSFC000006
2071,KSFC000004
2071,KSFC000004
2074,KSFC000006
2082,KSFC000001
2120,KSFC000007
2123,KSFC000007
2399,KSFC000004
2424,KSFC000007
2429,KSFC000006
2429,KSFC000004
2429,KSFC000004
2429,KSFC000006
2626,KSFC000006
2626,KSFC000006
2626,KSFC000006
2756,KSFC000003
2856,KSFC000004
2856,KSFC000006
2856,KSFC000004
2869,KSFC000007
2913,KSFC000007
3058,KSFC000007
3132,KSFC000001
3147,KSFC000004
3194,KSFC000006
3227,KSFC000004
3231,KSFC000004
3231,KSFC000004
3235,KSFC000007
3240,KSFC000007
3323,KSFC000001
3374,KSFC000007
3374,KSFC000007
3384,KSFC000007
3414,KSFC000007
3462,KSFC000002
3561,KSFC000001
3561,KSFC000001
3569,KSFC000007
3578,KSFC000007
3598,KSFC000005
3664,KSFC000007
3702,KSFC000004
3723,KSFC000007
3725,KSFC000001
3745,KSFC000004
3758,KSFC000007
3781,KSFC000006
3846,KSFC000004
4120,KSFC000007
4120,KSFC000006
4126,KSFC000007
4157,KSFC000005
4263,KSFC000007
4322,KSFC000004
4322,KSFC000004
4322,KSFC000004
4322,KSFC000004
4408,KSFC000001
4605,KSFC000004
4619,KSFC000004
4701,KSFC000007
4730,KSFC000004
4798,KSFC000007
4798,KSFC000007
4798,KSFC000007
4798,KSFC000007
4831,KSFC000006
4834,KSFC000006
4884,KSFC000007
4968,KSFC000007
5016,KSFC000004
5078,KSFC000007
5091,KSFC000004
5193,KSFC000001
5302,KSFC000004
5306,KSFC000007
5328,KSFC000007
5388,KSFC000004
5421,KSFC000002
5447,KSFC000002
5452,KSFC000002
5468,KSFC000004
5521,KSFC000006
5532,KSFC000007
5599,KSFC000005
5626,KSFC000007
5628,KSFC000006
5633,KSFC000007
5727,KSFC000004
5727,KSFC000004
5740,KSFC000006
5740,KSFC000004
5755,KSFC000004
5787,KSFC000004
5787,KSFC000004
5804,KSFC000002
5826,KSFC000004
5898,KSFC000007
5969,KSFC000007
5995,KSFC000007
6312,KSFC000002
6451,KSFC000006
6468,KSFC000001
6488,KSFC000007
6530,KSFC000004
6544,KSFC000004
6696,KSFC000006
6696,KSFC000001
6760,KSFC000001
6760,KSFC000001
6825,KSFC000007
7163,KSFC000006
7180,KSFC000006
7283,KSFC000004
7317,KSFC000003
7401,KSFC000004
7517,KSFC000007
7587,KSFC000001
7637,KSFC000001
7666,KSFC000006
7677,KSFC000006
7677,KSFC000004
7750,KSFC000006
7784,KSFC000007
7816,KSFC000004
7831,KSFC000003
7831,KSFC000006
7831,KSFC000003
7834,KSFC000004
7840,KSFC000004
7840,KSFC000004
7848,KSFC000007
7871,KSFC000001
7939,KSFC000003
7939,KSFC000006
8060,KSFC000006
8067,KSFC000007
8081,KSFC000007
8083,KSFC000003
8083,KSFC000002
8083,KSFC000002
8130,KSFC000004
8133,KSFC000007
8168,KSFC000005
8172,KSFC000001
8230,KSFC000007
8253,KSFC000006
8253,KSFC000006
8338,KSFC000001
8510,KSFC000004
8522,KSFC000004
8528,KSFC000002
8643,KSFC000006
8676,KSFC000007
8693,KSFC000007
8800,KSFC000007
8805,KSFC000007
8840,KSFC000006
8840,KSFC000001
8840,KSFC000006
8840,KSFC000001
8844,KSFC000006
8844,KSFC000006
8844,KSFC000004
8860,KSFC000002
8881,KSFC000006
8979,KSFC000007
9019,KSFC000004
9082,KSFC000004
9110,KSFC000007
9363,KSFC000004
9378,KSFC000004
9430,KSFC000004
9459,KSFC000001
9459,KSFC000001
9459,KSFC000001
9459,KSFC000001
9459,KSFC000001
9459,KSFC000001
9459,KSFC000001
9528,KSFC000001
9550,KSFC000006
9692,KSFC000007
9722,KSFC000007
9778,KSFC000006
9819,KSFC000007
9996,KSFC000004
9996,KSFC000004
9996,KSFC000004
9996,KSFC000004
10010,KSFC000004
10017,KSFC000007
10017,KSFC000007
10064,KSFC000006
10243,KSFC000007
10260,KSFC000001
10359,KSFC000001
10359,KSFC000006
10380,KSFC000004
10383,KSFC000007
10432,KSFC000002
10506,KSFC000004
10520,KSFC000007
10528,KSFC000007
10593,KSFC000004
10626,KSFC000007
10660,KSFC000002
10702,KSFC000006
10708,KSFC000004
10847,KSFC000004
10853,KSFC000001
10990,KSFC000002
11030,KSFC000001
11092,KSFC000006
11326,KSFC000004
11352,KSFC000007
11492,KSFC000002
11511,KSFC000007
11550,KSFC000006
11550,KSFC000006
11594,KSFC000006
11680,KSFC000006
11715,KSFC000007
11736,KSFC000004
11736,KSFC000001
11892,KSFC000004
11929,KSFC000007
12067,KSFC000003
12067,KSFC000005
12070,KSFC000006
12104,KSFC000002
12232,KSFC000006
12284,KSFC000003
12286,KSFC000007
12305,KSFC000006
12306,KSFC000004
12332,KSFC000005
12490,KSFC000007
12518,KSFC000007
12542,KSFC000007
12555,KSFC000004
12602,KSFC000007
12659,KSFC000005
12698,KSFC000007
12723,KSFC000007
12769,KSFC000001
12792,KSFC000004
12840,KSFC000004
12923,KSFC000007
12990,KSFC000004
12994,KSFC000005
13006,KSFC000004
13034,KSFC000006
13063,KSFC000007
13068,KSFC000002
13225,KSFC000006
13295,KSFC000002
13313,KSFC000004
13329,KSFC000003
13415,KSFC000007
13425,KSFC000004
13553,KSFC000004
13587,KSFC000007
13680,KSFC000007
13681,KSFC000001
13690,KSFC000007
13690,KSFC000006
13726,KSFC000006
13769,KSFC000007
13838,KSFC000002
13861,KSFC000002
13861,KSFC000002
13861,KSFC000002
13867,KSFC000007
13877,KSFC000004
13971,KSFC000006
13971,KSFC000004
13980,KSFC000007
14032,KSFC000006
14032,KSFC000006
14032,KSFC000006
14033,KSFC000004
14094,KSFC000007
14142,KSFC000007
14220,KSFC000002
14247,KSFC000002
14388,KSFC000006
14413,KSFC000006
14413,KSFC000007
14468,KSFC000002
14486,KSFC000005
14511,KSFC000007
14622,KSFC000004
14622,KSFC000004
14629,KSFC000002
14651,KSFC000001
14725,KSFC000007
14791,KSFC000004
14836,KSFC000007
14992,KSFC000001
15084,KSFC000007
15110,KSFC000001
15129,KSFC000006
15170,KSFC000004
15192,KSFC000007
15333,KSFC000004
15333,KSFC000004
15337,KSFC000001
15337,KSFC000001
15445,KSFC000004
15456,KSFC000004
15503,KSFC000002
15527,KSFC000002
15551,KSFC000004
15556,KSFC000007
15617,KSFC000003
15670,KSFC000001
15670,KSFC000001
15670,KSFC000001
15670,KSFC000001
15670,KSFC000001
15749,KSFC000006
15752,KSFC000005
15755,KSFC000001
15827,KSFC000004
15837,KSFC000002
15842,KSFC000007
15894,KSFC000006
15954,KSFC000004
15987,KSFC000003
16032,KSFC000004
16044,KSFC000007
16133,KSFC000006
16165,KSFC000001
16381,KSFC000006
16512,KSFC000001
16517,KSFC000007
16531,KSFC000007
16545,KSFC000004
16560,KSFC000007
16663,KSFC000003
16690,KSFC000007
16746,KSFC000002
16802,KSFC000007
16834,KSFC000004
16834,KSFC000004
16870,KSFC000004
16873,KSFC000004
16901,KSFC000006
16963,KSFC000007
17004,KSFC000004
17060,KSFC000007
17109,KSFC000007
17157,KSFC000006
17288,KSFC000007
17296,KSFC000006
17296,KSFC000004
17296,KSFC000006
17296,KSFC000004
17332,KSFC000007
17448,KSFC000004
17462,KSFC000004
17483,KSFC000007
17583,KSFC000004
17583,KSFC000004
17586,KSFC000007
17595,KSFC000007
17657,KSFC000007
17674,KSFC000005
17674,KSFC000006
17732,KSFC000002
17735,KSFC000006
17813,KSFC000007
17830,KSFC000005
17837,KSFC000001
17837,KSFC000004
17837,KSFC000004
17837,KSFC000006
17893,KSFC000007
17911,KSFC000006
17911,KSFC000003
17911,KSFC000004
17911,KSFC000004
17911,KSFC000003
17911,KSFC000004
17911,KSFC000005
17911,KSFC000005
17918,KSFC000001
17918,KSFC000006
17918,KSFC000006
17918,KSFC000006
17937,KSFC000001
17942,KSFC000006
18008,KSFC000002
18024,KSFC000007
18091,KSFC000006
18145,KSFC000001
18146,KSFC000004
18189,KSFC000005
18224,KSFC000002
18250,KSFC000007
18261,KSFC000002
18302,KSFC000006
18439,KSFC000006
18439,KSFC000006
18440,KSFC000006
18440,KSFC000004
18456,KSFC000004
18456,KSFC000004
18466,KSFC000007
18528,KSFC000004
18528,KSFC000004
18528,KSFC000004
18528,KSFC000004
18528,KSFC000004
18543,KSFC000007
18571,KSFC000004
18571,KSFC000004
18571,KSFC000004
18571,KSFC000004
18571,KSFC000004
18603,KSFC000007
18623,KSFC000004
18683,KSFC000006
18915,KSFC000005
18956,KSFC000007
18980,KSFC000004
19059,KSFC000001
19073,KSFC000007
19082,KSFC000004
19131,KSFC000007
19183,KSFC000001
19192,KSFC000002
19248,KSFC000004
19248,KSFC000004
19248,KSFC000006
19288,KSFC000007
19554,KSFC000007
19615,KSFC000001
19641,KSFC000004
19677,KSFC000004
19703,KSFC000006
19721,KSFC000004
19778,KSFC000005
19799,KSFC000001
19816,KSFC000002
19816,KSFC000002
19816,KSFC000002
19833,KSFC000007
19901,KSFC000004
19910,KSFC000001
19933,KSFC000007
20055,KSFC000007
20198,KSFC000001
20199,KSFC000007
20270,KSFC000004
20292,KSFC000006
20301,KSFC000002
20395,KSFC000004
20429,KSFC000004
20555,KSFC000006
20563,KSFC000006
20663,KSFC000004
20707,KSFC000004
20707,KSFC000004
20722,KSFC000001
20756,KSFC000007
20756,KSFC000007
20766,KSFC000004
20807,KSFC000002
20816,KSFC000001
20839,KSFC000004
20839,KSFC000001
20936,KSFC000007
20956,KSFC000004
20994,KSFC000007
21015,KSFC000001
21036,KSFC000007
21081,KSFC000003
21104,KSFC000004
21193,KSFC000005
21246,KSFC000007
21368,KSFC000007
21381,KSFC000007
21383,KSFC000004
21383,KSFC000004
21383,KSFC000004
21416,KSFC000006
21424,KSFC000007
21442,KSFC000004
21656,KSFC000004
21656,KSFC000004
21679,KSFC000005
21727,KSFC000007
21734,KSFC000007
21751,KSFC000001
21760,KSFC000007
21851,KSFC000006
21851,KSFC000002
21851,KSFC000004
21851,KSFC000006
21853,KSFC000007
21905,KSFC000007
22034,KSFC000007
22050,KSFC000006
22080,KSFC000007
22174,KSFC000002
22190,KSFC000007
22287,KSFC000006
22383,KSFC000007
22524,KSFC000006
22613,KSFC000007
22656,KSFC000007
22677,KSFC000007
22769,KSFC000007
22792,KSFC000005
22795,KSFC000006
22795,KSFC000006
22795,KSFC000006
22795,KSFC000006
22795,KSFC000006
22795,KSFC000006
22795,KSFC000006
22795,KSFC000006
22795,KSFC000006
22795,KSFC000006
22798,KSFC000001
22806,KSFC000007
23088,KSFC000005
23098,KSFC000004
23102,KSFC000004
23134,KSFC000001
23149,KSFC000001
23203,KSFC000007
23243,KSFC000006
23334,KSFC000004
23494,KSFC000001
23498,KSFC000004
23528,KSFC000007
23635,KSFC000001
23711,KSFC000007
23732,KSFC000004
23769,KSFC000006
23777,KSFC000006
23806,KSFC000007
23836,KSFC000007
23836,KSFC000007
23858,KSFC000007
23884,KSFC000004
23890,KSFC000007
23893,KSFC000006
23942,KSFC000007
23982,KSFC000004
24026,KSFC000004
24260,KSFC000004
24260,KSFC000004
24260,KSFC000004
24331,KSFC000006
24370,KSFC000007
24420,KSFC000005
24420,KSFC000005
24529,KSFC000004
24641,KSFC000007
24641,KSFC000007
24745,KSFC000004
24761,KSFC000006
24775,KSFC000007
24864,KSFC000004
24874,KSFC000007
25051,KSFC000006
25114,KSFC000004
25155,KSFC000001
25229,KSFC000007
25274,KSFC000007
25292,KSFC000007
25311,KSFC000006
25399,KSFC000003
25462,KSFC000006
25488,KSFC000007
25520,KSFC000006
25520,KSFC000001
25527,KSFC000001
25527,KSFC000001
25527,KSFC000001
25575,KSFC000007
25627,KSFC000003
25663,KSFC000006
25695,KSFC000007
25695,KSFC000007
25695,KSFC000007
25705,KSFC000004
25747,KSFC000002
25759,KSFC000007
25809,KSFC000002
25917,KSFC000006
25917,KSFC000006
25917,KSFC000007
25955,KSFC000007
26066,KSFC000007
26120,KSFC000007
26251,KSFC000006
26359,KSFC000004
26365,KSFC000003
26392,KSFC000006
26514,KSFC000004
26535,KSFC000007
26538,KSFC000007
26541,KSFC000001
26541,KSFC000001
26541,KSFC000001
26545,KSFC000001
26653,KSFC000007
26708,KSFC000004
26708,KSFC000004
26825,KSFC000004
26849,KSFC000004
26871,KSFC000007
27054,KSFC000007
27063,KSFC000006
27090,KSFC000007
27090,KSFC000007
27094,KSFC000006
27228,KSFC000006
27340,KSFC000006
27340,KSFC000006
27340,KSFC000006
27431,KSFC000004
27470,KSFC000004
27495,KSFC000003
27555,KSFC000003
27620,KSFC000007
27659,KSFC000005
27659,KSFC000005
27670,KSFC000007
27692,KSFC000004
27718,KSFC000002
27718,KSFC000002
27753,KSFC000002
27760,KSFC000001
27760,KSFC000001
27760,KSFC000001
27766,KSFC000001
27821,KSFC000005
27863,KSFC000007
27918,KSFC000004
27925,KSFC000006
27959,KSFC000004
27959,KSFC000004
27970,KSFC000005
27970,KSFC000005
28015,KSFC000004
28015,KSFC000004
28056,KSFC000007
28065,KSFC000001
28133,KSFC000007
28188,KSFC000002
28207,KSFC000001
28232,KSFC000004
28260,KSFC000004
28260,KSFC000003
28260,KSFC000006
28260,KSFC000004
28381,KSFC000007
28386,KSFC000007
28505,KSFC000004
28650,KSFC000004
28697,KSFC000004
28719,KSFC000006
28725,KSFC000005
28725,KSFC000007
28725,KSFC000003
28779,KSFC000003
28787,KSFC000007
28787,KSFC000007
28835,KSFC000007
28885,KSFC000004
28904,KSFC000004
28918,KSFC000001
29000,KSFC000001
29009,KSFC000006
29033,KSFC000007
29169,KSFC000004
29169,KSFC000006
29174,KSFC000003
29200,KSFC000007
29299,KSFC000007
29350,KSFC000007
29457,KSFC000006
29490,KSFC000005
29546,KSFC000004
29603,KSFC000007
29695,KSFC000007
29767,KSFC000007
29789,KSFC000006
29813,KSFC000003
29851,KSFC000007
29890,KSFC000002
29967,KSFC000004
29967,KSFC000004
29967,KSFC000004
30009,KSFC000004
30048,KSFC000006
30115,KSFC000007
30130,KSFC000007
30149,KSFC000007
30152,KSFC000007
30169,KSFC000001
30169,KSFC000001
30169,KSFC000001
30198,KSFC000006
30198,KSFC000001
30198,KSFC000001
30207,KSFC000007
30254,KSFC000006
30254,KSFC000002
30255,KSFC000006
30255,KSFC000006
30288,KSFC000004
30301,KSFC000004
30383,KSFC000004
30429,KSFC000007
30442,KSFC000005
30494,KSFC000004
30534,KSFC000004
30603,KSFC000006
30647,KSFC000002
30655,KSFC000007
30656,KSFC000007
30675,KSFC000004
30685,KSFC000001
30766,KSFC000002
30766,KSFC000002
30771,KSFC000002
30781,KSFC000004
30857,KSFC000005
30947,KSFC000004
30951,KSFC000004
30952,KSFC000004
30994,KSFC000004
30994,KSFC000004
31012,KSFC000007
31037,KSFC000006
31069,KSFC000003
31130,KSFC000006
31131,KSFC000004
31131,KSFC000006
31380,KSFC000007
31388,KSFC000007
31388,KSFC000007
31388,KSFC000007
31388,KSFC000007
31613,KSFC000004
31670,KSFC000003
31691,KSFC000001
31691,KSFC000001
31748,KSFC000001
31800,KSFC000005
31859,KSFC000004
31865,KSFC000006
31879,KSFC000004
31911,KSFC000003
31911,KSFC000003
31922,KSFC000002
31922,KSFC000002
31931,KSFC000007
31999,KSFC000001
31999,KSFC000001
31999,KSFC000001
32022,KSFC000002
32045,KSFC000003
32114,KSFC000006
32115,KSFC000007
32163,KSFC000006
32212,KSFC000007
32258,KSFC000007
32403,KSFC000007
32426,KSFC000004
32477,KSFC000006
32496,KSFC000001
32588,KSFC000004
32619,KSFC000007
32676,KSFC000004
32883,KSFC000007
32899,KSFC000006
32913,KSFC000005
32930,KSFC000007
32930,KSFC000007
33088,KSFC000004
33134,KSFC000004
33218,KSFC000004
33292,KSFC000001
33295,KSFC000003
33313,KSFC000007
33320,KSFC000006
33339,KSFC000006
33366,KSFC000007
33366,KSFC000002
33394,KSFC000007
33403,KSFC000006
33531,KSFC000006
33648,KSFC000005
33659,KSFC000001
33668,KSFC000003
33668,KSFC000005
33668,KSFC000006
33668,KSFC000006
33700,KSFC000004
33712,KSFC000004
33790,KSFC000004
33790,KSFC000004
33807,KSFC000007
33811,KSFC000003
33845,KSFC000004
33846,KSFC000007
33853,KSFC000007
33905,KSFC000004
33918,KSFC000006
33918,KSFC000002
33918,KSFC000006
33918,KSFC000002
33918,KSFC000002
33998,KSFC000007
34118,KSFC000007
34118,KSFC000007
34165,KSFC000002
34245,KSFC000001
34271,KSFC000003
34271,KSFC000003
34271,KSFC000003
34313,KSFC000007
34313,KSFC000007
34351,KSFC000004
34491,KSFC000007
34526,KSFC000007
34541,KSFC000005
34566,KSFC000007
34840,KSFC000006
34843,KSFC000005
34990,KSFC000001
35027,KSFC000004
35048,KSFC000004
35066,KSFC000007
35089,KSFC000007
35094,KSFC000007
35147,KSFC000007
35191,KSFC000004
35206,KSFC000001
35265,KSFC000004
35315,KSFC000007
35315,KSFC000002
35315,KSFC000002
35357,KSFC000001
35435,KSFC000001
35490,KSFC000007
35541,KSFC000001
35541,KSFC000001
35549,KSFC000004
35549,KSFC000004
35559,KSFC000004
35642,KSFC000004
35649,KSFC000007
35659,KSFC000002
35691,KSFC000006
35818,KSFC000003
35818,KSFC000003
35818,KSFC000005
35818,KSFC000005
35900,KSFC000004
35929,KSFC000004
36021,KSFC000007
36155,KSFC000004
36213,KSFC000002
36356,KSFC000006
36432,KSFC000007
36497,KSFC000006
36504,KSFC000007
36526,KSFC000007
36526,KSFC000007
36558,KSFC000002
36569,KSFC000007
36569,KSFC000007
36592,KSFC000007
36613,KSFC000007
36626,KSFC000007
36731,KSFC000007
36860,KSFC000004
36866,KSFC000005
36866,KSFC000007
37004,KSFC000006
37108,KSFC000002
37140,KSFC000004
37141,KSFC000004
37208,KSFC000004
37271,KSFC000003
37271,KSFC000003
37271,KSFC000003
37386,KSFC000004
37407,KSFC000007
37505,KSFC000005
37523,KSFC000004
37570,KSFC000007
37678,KSFC000007
37694,KSFC000003
37694,KSFC000007
37706,KSFC000007
37844,KSFC000006
37856,KSFC000007
37945,KSFC000007
37953,KSFC000007
38140,KSFC000002
38177,KSFC000006
38191,KSFC000006
38251,KSFC000007
38251,KSFC000007
38284,KSFC000001
38285,KSFC000001
38308,KSFC000004
38312,KSFC000002
38312,KSFC000007
38409,KSFC000006
38491,KSFC000007
38491,KSFC000002
38579,KSFC000006
38579,KSFC000004
38690,KSFC000004
38690,KSFC000004
38701,KSFC000001
38702,KSFC000006
38809,KSFC000006
38849,KSFC000007
38853,KSFC000004
38984,KSFC000007
39040,KSFC000004
39053,KSFC000004
39065,KSFC000006
39113,KSFC000004
39119,KSFC000004
39161,KSFC000003
39177,KSFC000007
39212,KSFC000004
39223,KSFC000005
39386,KSFC000007
39401,KSFC000006
39455,KSFC000007
39517,KSFC000004
39588,KSFC000004
39636,KSFC000007
39682,KSFC000007
39692,KSFC000007
39697,KSFC000001
39698,KSFC000003
39698,KSFC000003
39739,KSFC000004
39764,KSFC000007
39775,KSFC000006
39801,KSFC000006
39801,KSFC000006
39990,KSFC000005
39993,KSFC000006
40001,KSFC000004
40008,KSFC000004
40079,KSFC000004
40134,KSFC000007
40201,KSFC000007
40201,KSFC000007
40217,KSFC000004
40217,KSFC000004
40217,KSFC000004
40219,KSFC000001
40290,KSFC000006
40356,KSFC000004
40447,KSFC000007
40447,KSFC000007
40468,KSFC000004
40552,KSFC000006
40557,KSFC000002
40610,KSFC000001
40645,KSFC000002
40735,KSFC000006
40747,KSFC000003
40751,KSFC000006
40805,KSFC000007
40805,KSFC000007
40909,KSFC000002
40922,KSFC000004
40932,KSFC000002
40932,KSFC000002
41052,KSFC000004
41093,KSFC000001
41115,KSFC000006
41115,KSFC000001
41157,KSFC000006
41239,KSFC000004
41239,KSFC000004
41298,KSFC000002
41378,KSFC000007
41410,KSFC000004
41410,KSFC000006
41410,KSFC000004
41487,KSFC000006
41490,KSFC000004
41490,KSFC000004
41512,KSFC000007
41534,KSFC000006
41617,KSFC000003
41617,KSFC000003
41658,KSFC000007
41740,KSFC000006
41781,KSFC000001
41904,KSFC000007
42010,KSFC000002
42037,KSFC000004
42099,KSFC000007
42138,KSFC000001
42187,KSFC000007
42247,KSFC000003
42277,KSFC000007
42322,KSFC000007
42339,KSFC000007
42397,KSFC000005
42397,KSFC000003
42410,KSFC000006
42437,KSFC000004
42466,KSFC000006
42476,KSFC000006
42487,KSFC000002
42526,KSFC000002
42558,KSFC000004
42563,KSFC000004
42581,KSFC000004
42591,KSFC000002
42591,KSFC000007
42755,KSFC000007
42768,KSFC000004
42833,KSFC000001
42850,KSFC000004
42859,KSFC000007
42872,KSFC000007
42904,KSFC000006
42947,KSFC000007
42973,KSFC000004
42973,KSFC000004
43047,KSFC000007
43121,KSFC000002
43121,KSFC000002
43121,KSFC000002
43123,KSFC000007
43137,KSFC000004
43180,KSFC000007
43205,KSFC000001
43205,KSFC000001
43217,KSFC000007
43447,KSFC000007
43460,KSFC000007
43467,KSFC000007
43670,KSFC000001
43679,KSFC000004
43680,KSFC000007
43800,KSFC000004
44095,KSFC000006
44225,KSFC000007
44361,KSFC000007
44410,KSFC000006
44509,KSFC000006
44528,KSFC000006
44647,KSFC000004
44818,KSFC000006
44943,KSFC000004
44951,KSFC000004
44988,KSFC000001
44988,KSFC000001
44988,KSFC000001
45054,KSFC000004
45054,KSFC000006
45055,KSFC000004
45057,KSFC000004
45057,KSFC000004
45057,KSFC000004
45057,KSFC000004
45064,KSFC000004
45064,KSFC000006
45086,KSFC000004
45086,KSFC000004
45114,KSFC000005
45137,KSFC000007
45148,KSFC000003
45163,KSFC000006
45169,KSFC000006
45181,KSFC000007
45211,KSFC000004
45266,KSFC000006
45282,KSFC000007
45317,KSFC000002
45349,KSFC000007
45473,KSFC000004
45571,KSFC000005
45579,KSFC000006
45600,KSFC000002
45688,KSFC000004
45700,KSFC000004
45730,KSFC000007
45731,KSFC000004
45803,KSFC000007
45830,KSFC000007
45850,KSFC000007
45921,KSFC000002
45936,KSFC000004
45936,KSFC000004
45936,KSFC000004
45973,KSFC000007
46009,KSFC000004
46106,KSFC000006
46170,KSFC000007
46185,KSFC000004
46215,KSFC000006
46220,KSFC000007
46244,KSFC000004
46257,KSFC000004
46258,KSFC000007
46339,KSFC000004
46339,KSFC000004
46573,KSFC000007
46573,KSFC000002
46573,KSFC000006
46778,KSFC000006
46793,KSFC000004
46798,KSFC000007
46799,KSFC000006
46804,KSFC000004
46846,KSFC000001
47002,KSFC000006
47027,KSFC000007
47072,KSFC000004
47079,KSFC000004
47087,KSFC000004
47087,KSFC000004
47159,KSFC000006
47176,KSFC000006
47192,KSFC000007
47213,KSFC000004
47353,KSFC000001
47353,KSFC000001
47395,KSFC000007
47446,KSFC000007
47447,KSFC000007
47585,KSFC000004
47607,KSFC000007
47633,KSFC000004
47633,KSFC000004
47671,KSFC000001
47724,KSFC000001
47740,KSFC000007
47802,KSFC000007
47809,KSFC000004
47809,KSFC000004
47809,KSFC000004
47809,KSFC000006
47813,KSFC000007
47824,KSFC000007
47842,KSFC000004
47894,KSFC000004
47964,KSFC000007
47997,KSFC000006
48046,KSFC000007
48055,KSFC000004
48059,KSFC000001
48205,KSFC000003
48286,KSFC000002
48302,KSFC000007
48302,KSFC000007
48368,KSFC000007
48368,KSFC000007
48368,KSFC000007
48368,KSFC000007
48382,KSFC000007
48410,KSFC000007
48430,KSFC000007
48458,KSFC000002
48529,KSFC000007
48615,KSFC000006
48635,KSFC000007
48763,KSFC000001
48808,KSFC000004
48812,KSFC000007
48824,KSFC000004
48848,KSFC000007
48848,KSFC000005
48848,KSFC000006
48918,KSFC000007
48963,KSFC000007
49131,KSFC000004
49150,KSFC000004
49150,KSFC000004
49162,KSFC000007
49234,KSFC000006
49244,KSFC000004
49279,KSFC000007
49300,KSFC000006
49300,KSFC000006
49300,KSFC000006
49300,KSFC000004
49300,KSFC000004
49300,KSFC000006
49325,KSFC000007
49338,KSFC000003
49338,KSFC000001
49353,KSFC000007
49421,KSFC000002
49600,KSFC000001
49647,KSFC000006
49695,KSFC000004
49698,KSFC000004
49809,KSFC000001
49874,KSFC000004
50066,KSFC000002
50162,KSFC000006
50251,KSFC000003
50251,KSFC000003
50260,KSFC000004
50457,KSFC000004
50457,KSFC000004
50516,KSFC000004
50650,KSFC000007
50693,KSFC000004
50733,KSFC000006
50777,KSFC000006
50803,KSFC000004
50829,KSFC000004
50838,KSFC000006
50997,KSFC000004
51136,KSFC000007
51187,KSFC000004
51206,KSFC000004
51274,KSFC000004
51274,KSFC000004
51274,KSFC000004
51274,KSFC000004
51274,KSFC000004
51274,KSFC000004
51426,KSFC000007
51495,KSFC000007
51541,KSFC000007
51605,KSFC000003
51695,KSFC000007
51744,KSFC000002
51772,KSFC000001
51790,KSFC000001
51923,KSFC000007
52043,KSFC000007
52043,KSFC000007
52066,KSFC000005
52076,KSFC000007
52086,KSFC000004
52229,KSFC000004
52310,KSFC000006
52362,KSFC000003
52372,KSFC000003
52386,KSFC000001
52402,KSFC000007
52402,KSFC000007
52431,KSFC000001
52525,KSFC000004
52525,KSFC000006
52670,KSFC000005
52670,KSFC000006
52685,KSFC000001
52768,KSFC000007
52820,KSFC000005
52820,KSFC000005
52820,KSFC000005
52820,KSFC000005
52820,KSFC000005
52820,KSFC000005
52903,KSFC000001
52919,KSFC000007
52958,KSFC000006
53008,KSFC000007
53056,KSFC000007
53124,KSFC000001
53137,KSFC000004
53137,KSFC000006
53137,KSFC000004
53167,KSFC000007
53208,KSFC000004
53262,KSFC000002
53474,KSFC000007
53558,KSFC000006
53558,KSFC000006
53558,KSFC000007
53560,KSFC000007
53618,KSFC000002
53633,KSFC000007
53723,KSFC000006
53723,KSFC000001
53840,KSFC000004
53840,KSFC000006
53841,KSFC000004
53953,KSFC000007
54004,KSFC000007
54006,KSFC000007
54007,KSFC000007
54089,KSFC000004
54189,KSFC000007
54214,KSFC000001
54214,KSFC000001
54214,KSFC000001
54252,KSFC000007
54252,KSFC000007
54294,KSFC000007
54321,KSFC000004
54325,KSFC000007
54365,KSFC000007
54372,KSFC000004
54389,KSFC000005
54413,KSFC000004
54413,KSFC000005
54413,KSFC000005
54426,KSFC000004
54426,KSFC000004
54565,KSFC000004
54572,KSFC000005
54622,KSFC000007
54632,KSFC000007
54669,KSFC000001
54759,KSFC000007
54779,KSFC000004
54825,KSFC000004
54825,KSFC000004
54864,KSFC000004
54892,KSFC000006
54901,KSFC000002
54905,KSFC000004
54963,KSFC000004
54963,KSFC000004
55011,KSFC000006
55011,KSFC000006
55025,KSFC000007
60412,KSFC000007
60679,KSFC000002
60712,KSFC000006
60789,KSFC000006
60855,KSFC000003
60907,KSFC000006
60907,KSFC000004
61328,KSFC000007
61420,KSFC000007
61420,KSFC000007
61420,KSFC000007
61744,KSFC000007
61744,KSFC000007
61840,KSFC000007
62010,KSFC000001
62010,KSFC000001
62010,KSFC000001
62167,KSFC000004
62177,KSFC000004
62201,KSFC000003
62302,KSFC000006
62363,KSFC000006
62723,KSFC000007
62723,KSFC000007
62723,KSFC000006
62900,KSFC000007
63076,KSFC000003
63081,KSFC000006
63099,KSFC000006
63306,KSFC000004
63402,KSFC000003
63432,KSFC000007
63506,KSFC000006
63550,KSFC000006
63584,KSFC000006
63916,KSFC000002
64385,KSFC000003
64385,KSFC000003
64650,KSFC000007
64782,KSFC000004
64847,KSFC000007
64847,KSFC000007
64969,KSFC000004
64972,KSFC000006
64972,KSFC000004
64972,KSFC000006
64998,KSFC000004
65507,KSFC000006
65764,KSFC000006
65764,KSFC000007
65874,KSFC000006
65874,KSFC000006
65874,KSFC000006
65874,KSFC000006
65874,KSFC000006
65874,KSFC000006
65874,KSFC000006
65878,KSFC000007
66324,KSFC000006
66324,KSFC000006
66324,KSFC000006
66487,KSFC000004
66767,KSFC000004
66975,KSFC000005
67024,KSFC000007
67138,KSFC000006
67182,KSFC000007
67239,KSFC000007
67239,KSFC000007
67412,KSFC000002
67532,KSFC000001
67573,KSFC000005
67645,KSFC000004
67645,KSFC000004
67645,KSFC000004
67647,KSFC000004
67817,KSFC000004
67836,KSFC000007
67836,KSFC000007
68016,KSFC000004
68091,KSFC000007
68168,KSFC000007
68173,KSFC000007
68173,KSFC000007
68173,KSFC000007
68173,KSFC000007
68296,KSFC000003
68311,KSFC000005
68391,KSFC000001
68391,KSFC000001
68426,KSFC000007
68426,KSFC000002
68426,KSFC000006
68426,KSFC000006
68457,KSFC000004
68528,KSFC000004
68528,KSFC000004
68537,KSFC000006
68635,KSFC000007
68636,KSFC000003
68636,KSFC000003
68637,KSFC000006
68637,KSFC000006
68690,KSFC000006
68690,KSFC000004
68738,KSFC000006
68784,KSFC000005
68889,KSFC000007
69319,KSFC000006
69398,KSFC000005
69398,KSFC000005
69398,KSFC000005
69398,KSFC000004
69398,KSFC000005
69398,KSFC000005
69398,KSFC000004
69398,KSFC000005
69398,KSFC000004
69597,KSFC000003
69597,KSFC000003
69597,KSFC000003
69597,KSFC000006
69763,KSFC000004
69764,KSFC000004
69767,KSFC000007
69767,KSFC000007
69801,KSFC000006
69885,KSFC000003
69978,KSFC000006
69988,KSFC000007
70048,KSFC000004
70048,KSFC000004
70112,KSFC000006
70113,KSFC000006
70184,KSFC000001
70184,KSFC000001
70277,KSFC000002
70454,KSFC000007
70465,KSFC000007
70467,KSFC000007
70825,KSFC000006
70886,KSFC000007
70886,KSFC000007
71012,KSFC000004
71327,KSFC000007
71507,KSFC000006
71509,KSFC000006
71509,KSFC000005
71509,KSFC000005
71509,KSFC000006
71509,KSFC000005
71509,KSFC000005
71547,KSFC000007
71881,KSFC000007
71881,KSFC000007
71974,KSFC000005
72244,KSFC000006
72244,KSFC000006
72274,KSFC000007
72493,KSFC000004
72493,KSFC000004
72514,KSFC000007
72518,KSFC000004
72540,KSFC000002
72678,KSFC000002
72696,KSFC000004
72696,KSFC000004
72738,KSFC000007
72886,KSFC000002
72917,KSFC000001
73068,KSFC000006
73260,KSFC000006
73456,KSFC000006
73467,KSFC000003
73473,KSFC000006
73695,KSFC000005
73743,KSFC000007
73748,KSFC000006
73942,KSFC000004
74034,KSFC000007
74055,KSFC000002
74085,KSFC000006
74693,KSFC000004
74693,KSFC000004
74791,KSFC000002
75230,KSFC000005
75231,KSFC000006
75248,KSFC000006
75319,KSFC000003
75357,KSFC000006
75357,KSFC000006
75372,KSFC000004
75443,KSFC000004
75445,KSFC000007
75500,KSFC000003
75566,KSFC000004
75566,KSFC000004
75578,KSFC000003
75821,KSFC000005
75914,KSFC000006
75934,KSFC000006
75934,KSFC000006
75935,KSFC000006
75968,KSFC000006
76072,KSFC000007
76100,KSFC000001
76112,KSFC000006
76143,KSFC000002
76170,KSFC000007
76282,KSFC000007
76318,KSFC000007
76329,KSFC000007
76349,KSFC000003
76350,KSFC000006
76450,KSFC000004
76451,KSFC000007
76455,KSFC000006
76578,KSFC000007
76694,KSFC000007
76694,KSFC000007
76782,KSFC000006
76919,KSFC000001
76958,KSFC000006
76974,KSFC000007
77224,KSFC000007
77224,KSFC000007
77635,KSFC000004
77635,KSFC000005
77642,KSFC000005
77658,KSFC000006
77658,KSFC000006
77689,KSFC000004
77724,KSFC000007
77726,KSFC000006
77806,KSFC000004
77808,KSFC000004
77811,KSFC000007
77812,KSFC000007
77877,KSFC000006
77942,KSFC000007
77961,KSFC000007
77976,KSFC000007
77993,KSFC000007
77994,KSFC000007
78002,KSFC000003
78003,KSFC000006
78005,KSFC000006
78007,KSFC000001
78009,KSFC000006
78051,KSFC000005
78133,KSFC000007
78146,KSFC000004
78150,KSFC000003
78151,KSFC000006
78156,KSFC000002
78157,KSFC000004
78157,KSFC000004
78157,KSFC000005
78159,KSFC000007
78277,KSFC000007
78318,KSFC000007
78339,KSFC000004
78339,KSFC000001
78339,KSFC000006
78339,KSFC000001
78339,KSFC000001
78404,KSFC000007
78478,KSFC000002
78478,KSFC000002
78499,KSFC000004
78499,KSFC000004
78506,KSFC000003
78514,KSFC000007
78531,KSFC000007
78684,KSFC000002
78726,KSFC000007
78849,KSFC000007
78850,KSFC000007
79072,KSFC000007
79073,KSFC000007
79196,KSFC000004
79213,KSFC000002
79217,KSFC000007
79411,KSFC000007
79436,KSFC000003
79445,KSFC000003
79458,KSFC000004
79458,KSFC000006
79492,KSFC000007
79493,KSFC000007
79542,KSFC000003
79787,KSFC000007
79928,KSFC000002
80012,KSFC000006
80028,KSFC000007
80037,KSFC000004
80103,KSFC000006
80104,KSFC000006
80120,KSFC000001
80122,KSFC000003
80131,KSFC000003
80141,KSFC000005
80173,KSFC000004
80173,KSFC000004
80270,KSFC000007
80271,KSFC000003
80291,KSFC000007
80316,KSFC000006
80316,KSFC000006
80316,KSFC000006
80445,KSFC000005
80529,KSFC000006
80640,KSFC000007
80711,KSFC000007
80774,KSFC000003
80836,KSFC000003
81015,KSFC000001
81015,KSFC000001
81040,KSFC000004
81050,KSFC000004
81058,KSFC000006
81061,KSFC000004
81061,KSFC000006
81061,KSFC000006
81061,KSFC000004
81061,KSFC000004
81062,KSFC000005
81113,KSFC000004
81159,KSFC000007
81159,KSFC000007
81159,KSFC000007
81310,KSFC000004
81401,KSFC000006
81401,KSFC000003
81429,KSFC000004
81429,KSFC000004
81681,KSFC000007
81681,KSFC000003
81708,KSFC000007
81711,KSFC000002
81751,KSFC000004
81752,KSFC000004
81754,KSFC000003
81755,KSFC000006
81805,KSFC000007
81814,KSFC000006
81842,KSFC000006
81842,KSFC000004
81842,KSFC000006
81842,KSFC000004
81842,KSFC000004
81842,KSFC000004
81844,KSFC000007
81852,KSFC000007
81877,KSFC000004
81877,KSFC000006
81877,KSFC000004
81924,KSFC000003
81942,KSFC000001
81944,KSFC000007
82023,KSFC000001
82140,KSFC000002
82254,KSFC000007
82264,KSFC000002
82267,KSFC000006
82271,KSFC000007
82271,KSFC000007
82273,KSFC000007
82273,KSFC000006
82274,KSFC000005
82278,KSFC000007
82399,KSFC000003
82400,KSFC000006
82400,KSFC000007
82595,KSFC000004
82595,KSFC000006
82596,KSFC000004
82596,KSFC000004
82617,KSFC000006
82630,KSFC000007
82677,KSFC000007
82677,KSFC000007
82723,KSFC000004
82755,KSFC000007
83005,KSFC000006
83089,KSFC000005
83121,KSFC000002
83128,KSFC000005
83148,KSFC000004
83148,KSFC000004
83149,KSFC000007
83150,KSFC000007
83166,KSFC000003
83185,KSFC000004
83185,KSFC000004
83185,KSFC000004
83212,KSFC000003
83308,KSFC000004
83308,KSFC000004
83380,KSFC000003
83403,KSFC000007
83404,KSFC000006
83429,KSFC000006
83429,KSFC000006
83429,KSFC000007
83429,KSFC000007
83430,KSFC000003
83430,KSFC000006
83454,KSFC000007
83485,KSFC000007
83486,KSFC000007
83562,KSFC000006
83758,KSFC000004
83758,KSFC000004
83806,KSFC000007
83840,KSFC000001
83879,KSFC000001
83891,KSFC000006
83914,KSFC000006
83976,KSFC000007
84004,KSFC000006
84087,KSFC000006
84263,KSFC000006
84263,KSFC000006
84263,KSFC000006
84278,KSFC000005
84280,KSFC000004
84280,KSFC000004
84285,KSFC000007
84286,KSFC000003
84300,KSFC000007
84359,KSFC000007
84360,KSFC000007
84401,KSFC000007
84573,KSFC000005
84574,KSFC000007
84574,KSFC000007
84617,KSFC000006
84693,KSFC000006
84750,KSFC000006
84770,KSFC000001
84823,KSFC000001
84828,KSFC000007
84942,KSFC000005
84942,KSFC000005
84943,KSFC000006
85014,KSFC000006
85037,KSFC000001
85154,KSFC000007
85156,KSFC000007
85182,KSFC000007
85186,KSFC000006
85187,KSFC000004
85192,KSFC000003
85250,KSFC000007
85333,KSFC000007
85352,KSFC000001
85406,KSFC000007
85422,KSFC000005
85433,KSFC000007
85463,KSFC000007
85465,KSFC000007
85507,KSFC000003
85631,KSFC000005
85655,KSFC000007
85753,KSFC000005
85785,KSFC000007
85787,KSFC000006
85873,KSFC000007
85992,KSFC000007
86007,KSFC000007
86008,KSFC000007
86026,KSFC000004
86063,KSFC000004
86086,KSFC000007
86086,KSFC000007
86106,KSFC000007
86127,KSFC000001
86155,KSFC000007
NaN,KSFC000007
NaN,KSFC000002
NaN,KSFC000007
71641,KSFC000004
NaN,KSFC000007
32937,KSFC000002
32937,KSFC000006
32937,KSFC000004
32937,KSFC000006
32937,KSFC000006
NaN,KSFC000005
NaN,KSFC000007
NaN,KSFC000007
NaN,KSFC000003
NaN,KSFC000003
NaN,KSFC000007
NaN,KSFC000007
27459,KSFC000004
27459,KSFC000004
27459,KSFC000004
NaN,KSFC000006
NaN,KSFC000006
NaN,KSFC000007
NaN,KSFC000004
NaN,KSFC000007
NaN,KSFC000006
277,KSFC000001
277,KSFC000001
NaN,KSFC000007
NaN,KSFC000004
NaN,KSFC000004
NaN,KSFC000005
NaN,KSFC000004
NaN,KSFC000007
NaN,KSFC000004
NaN,KSFC000002
NaN,KSFC000007
NaN,KSFC000004
NaN,KSFC000003
83966,KSFC000002
83966,KSFC000002
NaN,KSFC000004
NaN,KSFC000007
NaN,KSFC000006
NaN,KSFC000004
NaN,KSFC000004
NaN,KSFC000006
30451,KSFC000001
NaN,KSFC000007
NaN,KSFC000007
NaN,KSFC000004
NaN,KSFC000007
40136,KSFC000006
40136,KSFC000004
40136,KSFC000004
40136,KSFC000006
NaN,KSFC000006
NaN,KSFC000006
NaN,KSFC000006
NaN,KSFC000003
47512,KSFC000004
47512,KSFC000006
47512,KSFC000004
NaN,KSFC000007
NaN,KSFC000007
NaN,KSFC000007
NaN,KSFC000001
NaN,KSFC000004
NaN,KSFC000006
NaN,KSFC000004
33537,KSFC000004
33537,KSFC000004
NaN,KSFC000007
NaN,KSFC000007
NaN,KSFC000001
NaN,KSFC000007
NaN,KSFC000007
NaN,KSFC000007
NaN,KSFC000007
NaN,KSFC000002
NaN,KSFC000001
NaN,KSFC000001
NaN,KSFC000007
NaN,KSFC000007
NaN,KSFC000005
NaN,KSFC000007
NaN,KSFC000004
NaN,KSFC000007
NaN,KSFC000001
NaN,KSFC000004
NaN,KSFC000007
NaN,KSFC000006
NaN,KSFC000004
NaN,KSFC000007
NaN,KSFC000006
NaN,KSFC000007
NaN,KSFC000005
NaN,KSFC000007
9826,KSFC000004
9826,KSFC000004
9826,KSFC000004
9826,KSFC000004
34002,KSFC000001
NaN,KSFC000004
NaN,KSFC000004
NaN,KSFC000007
NaN,KSFC000004
NaN,KSFC000007
NaN,KSFC000007
NaN,KSFC000007
NaN,KSFC000007
NaN,KSFC000006
NaN,KSFC000006
NaN,KSFC000007
NaN,KSFC000007
NaN,KSFC000004
NaN,KSFC000007
NaN,KSFC000004
NaN,KSFC000001
NaN,KSFC000004
NaN,KSFC000007
NaN,KSFC000007
16191,KSFC000004
NaN,KSFC000002
NaN,KSFC000002
NaN,KSFC000002
NaN,KSFC000004
NaN,KSFC000006
NaN,KSFC000007
NaN,KSFC000005
NaN,KSFC000007
NaN,KSFC000006
NaN,KSFC000007
NaN,KSFC000004
NaN,KSFC000004
68380,KSFC000006
68380,KSFC000004
NaN,KSFC000004
2923,KSFC000004
2923,KSFC000004
NaN,KSFC000002
NaN,KSFC000004
NaN,KSFC000007
NaN,KSFC000007
NaN,KSFC000007
NaN,KSFC000002
NaN,KSFC000006
NaN,KSFC000001
NaN,KSFC000007
NaN,KSFC000004
NaN,KSFC000004
51304,KSFC000006
51304,KSFC000001
NaN,KSFC000001
NaN,KSFC000001
NaN,KSFC000007
NaN,KSFC000006
NaN,KSFC000006
NaN,KSFC000004
NaN,KSFC000003
NaN,KSFC000004
NaN,KSFC000007
NaN,KSFC000001
NaN,KSFC000001
NaN,KSFC000006
62510,KSFC000006
62510,KSFC000004
NaN,KSFC000006
NaN,KSFC000007
NaN,KSFC000004
NaN,KSFC000003
NaN,KSFC000006
NaN,KSFC000003
NaN,KSFC000004
NaN,KSFC000004
NaN,KSFC000004
NaN,KSFC000007
NaN,KSFC000001
NaN,KSFC000003
NaN,KSFC000006
NaN,KSFC000006
NaN,KSFC000007
NaN,KSFC000007
NaN,KSFC000003
NaN,KSFC000002
NaN,KSFC000002
6099,KSFC000004
NaN,KSFC000007
NaN,KSFC000005
NaN,KSFC000001
NaN,KSFC000007
NaN,KSFC000006
NaN,KSFC000006
NaN,KSFC000001
NaN,KSFC000004
21089,KSFC000004
NaN,KSFC000002
NaN,KSFC000006
NaN,KSFC000007
NaN,KSFC000007
NaN,KSFC000007
NaN,KSFC000007
22101,KSFC000006
22101,KSFC000001
22101,KSFC000006
22101,KSFC000001
68278,KSFC000006
68278,KSFC000006
68278,KSFC000004
NaN,KSFC000002
NaN,KSFC000006
NaN,KSFC000007
NaN,KSFC000004
NaN,KSFC000004
NaN,KSFC000007
NaN,KSFC000004
NaN,KSFC000004
NaN,KSFC000004
25256,KSFC000001
25256,KSFC000001
25256,KSFC000001
25256,KSFC000001
25256,KSFC000001
25256,KSFC000001
25256,KSFC000001
NaN,KSFC000001
NaN,KSFC000006
NaN,KSFC000007
NaN,KSFC000007
NaN,KSFC000006
NaN,KSFC000007
28284,KSFC000004
28284,KSFC000004
28284,KSFC000004
28284,KSFC000004
NaN,KSFC000004
NaN,KSFC000007
NaN,KSFC000007
NaN,KSFC000006
NaN,KSFC000007
21653,KSFC000001
NaN,KSFC000001
NaN,KSFC000006
NaN,KSFC000004
NaN,KSFC000007
NaN,KSFC000002
NaN,KSFC000004
NaN,KSFC000007
NaN,KSFC000007
NaN,KSFC000004
NaN,KSFC000007
NaN,KSFC000002
NaN,KSFC000006
NaN,KSFC000004
NaN,KSFC000004
NaN,KSFC000001
NaN,KSFC000002
NaN,KSFC000001
NaN,KSFC000006
NaN,KSFC000004
NaN,KSFC000007
4717,KSFC000002
NaN,KSFC000007
NaN,KSFC000006
NaN,KSFC000006
NaN,KSFC000006
NaN,KSFC000006
NaN,KSFC000007
28374,KSFC000004
28374,KSFC000001
NaN,KSFC000004
NaN,KSFC000007
NaN,KSFC000003
NaN,KSFC000005
NaN,KSFC000006
NaN,KSFC000002
NaN,KSFC000006
NaN,KSFC000003
NaN,KSFC000007
NaN,KSFC000006
NaN,KSFC000004
NaN,KSFC000005
NaN,KSFC000007
NaN,KSFC000007
NaN,KSFC000007
NaN,KSFC000004
NaN,KSFC000007
NaN,KSFC000005
NaN,KSFC000007
NaN,KSFC000007
NaN,KSFC000001
NaN,KSFC000004
NaN,KSFC000004
NaN,KSFC000007
NaN,KSFC000004
NaN,KSFC000005
NaN,KSFC000004
NaN,KSFC000006
NaN,KSFC000007
NaN,KSFC000002
NaN,KSFC000006
NaN,KSFC000002
NaN,KSFC000004
NaN,KSFC000003
NaN,KSFC000007
NaN,KSFC000004
NaN,KSFC000004
NaN,KSFC000007
NaN,KSFC000007
NaN,KSFC000001
35341,KSFC000007
35341,KSFC000006
NaN,KSFC000006
NaN,KSFC000007
NaN,KSFC000002
32862,KSFC000002
32862,KSFC000002
32862,KSFC000002
NaN,KSFC000007
NaN,KSFC000004
NaN,KSFC000006
NaN,KSFC000004
NaN,KSFC000007
22698,KSFC000006
22698,KSFC000006
22698,KSFC000006
NaN,KSFC000004
NaN,KSFC000007
NaN,KSFC000007
22818,KSFC000002
NaN,KSFC000002
NaN,KSFC000006
NaN,KSFC000006
NaN,KSFC000007
NaN,KSFC000002
NaN,KSFC000005
NaN,KSFC000007
14058,KSFC000004
14058,KSFC000004
NaN,KSFC000002
NaN,KSFC000001
NaN,KSFC000007
NaN,KSFC000004
NaN,KSFC000007
NaN,KSFC000001
NaN,KSFC000007
NaN,KSFC000001
NaN,KSFC000006
NaN,KSFC000004
NaN,KSFC000007
NaN,KSFC000004
NaN,KSFC000004
NaN,KSFC000001
NaN,KSFC000001
NaN,KSFC000004
NaN,KSFC000004
NaN,KSFC000002
NaN,KSFC000002
NaN,KSFC000004
NaN,KSFC000007
NaN,KSFC000003
25395,KSFC000001
25395,KSFC000001
25395,KSFC000001
25395,KSFC000001
25395,KSFC000001
NaN,KSFC000006
NaN,KSFC000005
NaN,KSFC000001
NaN,KSFC000004
NaN,KSFC000002
NaN,KSFC000007
NaN,KSFC000006
NaN,KSFC000004
NaN,KSFC000003
NaN,KSFC000004
NaN,KSFC000007
NaN,KSFC000006
NaN,KSFC000001
NaN,KSFC000006
NaN,KSFC000001
NaN,KSFC000007
NaN,KSFC000007
NaN,KSFC000004
NaN,KSFC000007
NaN,KSFC000003
NaN,KSFC000007
NaN,KSFC000002
NaN,KSFC000007
32784,KSFC000004
32784,KSFC000004
NaN,KSFC000004
NaN,KSFC000004
NaN,KSFC000006
NaN,KSFC000007
NaN,KSFC000004
NaN,KSFC000007
NaN,KSFC000007
NaN,KSFC000006
NaN,KSFC000007
43054,KSFC000006
43054,KSFC000004
43054,KSFC000006
43054,KSFC000004
NaN,KSFC000007
NaN,KSFC000004
NaN,KSFC000004
NaN,KSFC000007
32387,KSFC000004
32387,KSFC000004
NaN,KSFC000007
NaN,KSFC000007
NaN,KSFC000007
NaN,KSFC000005
NaN,KSFC000006
NaN,KSFC000002
NaN,KSFC000006
NaN,KSFC000007
NaN,KSFC000005
31421,KSFC000001
31421,KSFC000004
31421,KSFC000004
31421,KSFC000006
NaN,KSFC000007
27584,KSFC000006
27584,KSFC000003
27584,KSFC000004
27584,KSFC000004
27584,KSFC000003
27584,KSFC000004
27584,KSFC000005
27584,KSFC000005
28404,KSFC000001
28404,KSFC000006
28404,KSFC000006
28404,KSFC000006
NaN,KSFC000001
NaN,KSFC000006
7921,KSFC000002
7787,KSFC000007
NaN,KSFC000006
NaN,KSFC000001
NaN,KSFC000004
NaN,KSFC000005
NaN,KSFC000002
NaN,KSFC000007
NaN,KSFC000002
NaN,KSFC000006
NaN,KSFC000006
NaN,KSFC000006
7634,KSFC000006
7634,KSFC000004
NaN,KSFC000004
NaN,KSFC000004
NaN,KSFC000007
63000,KSFC000004
63000,KSFC000004
63000,KSFC000004
63000,KSFC000004
63000,KSFC000004
NaN,KSFC000007
15736,KSFC000004
15736,KSFC000004
15736,KSFC000004
15736,KSFC000004
15736,KSFC000004
NaN,KSFC000007
NaN,KSFC000004
NaN,KSFC000006
NaN,KSFC000005
NaN,KSFC000007
NaN,KSFC000004
NaN,KSFC000001
NaN,KSFC000007
NaN,KSFC000004
NaN,KSFC000007
36631,KSFC000001
NaN,KSFC000002
NaN,KSFC000004
NaN,KSFC000004
NaN,KSFC000006
NaN,KSFC000007
NaN,KSFC000007
NaN,KSFC000001
NaN,KSFC000004
NaN,KSFC000004
NaN,KSFC000006
NaN,KSFC000004
NaN,KSFC000005
NaN,KSFC000001
52611,KSFC000002
52611,KSFC000002
52611,KSFC000002
NaN,KSFC000007
NaN,KSFC000004
NaN,KSFC000001
NaN,KSFC000007
NaN,KSFC000007
NaN,KSFC000001
NaN,KSFC000007
NaN,KSFC000004
NaN,KSFC000006
NaN,KSFC000002
NaN,KSFC000004
NaN,KSFC000004
NaN,KSFC000006
NaN,KSFC000006
NaN,KSFC000004
868,KSFC000004
868,KSFC000004
NaN,KSFC000001
NaN,KSFC000007
NaN,KSFC000007
NaN,KSFC000004
NaN,KSFC000002
NaN,KSFC000001
6615,KSFC000004
6615,KSFC000001
NaN,KSFC000007
NaN,KSFC000004
NaN,KSFC000007
NaN,KSFC000001
NaN,KSFC000007
NaN,KSFC000003
6949,KSFC000004
NaN,KSFC000005
NaN,KSFC000007
NaN,KSFC000007
NaN,KSFC000007
NaN,KSFC000004
NaN,KSFC000004
NaN,KSFC000004
NaN,KSFC000006
NaN,KSFC000007
NaN,KSFC000004
18870,KSFC000004
18870,KSFC000004
NaN,KSFC000005
NaN,KSFC000007
NaN,KSFC000007
NaN,KSFC000001
NaN,KSFC000007
28052,KSFC000006
28052,KSFC000002
28052,KSFC000004
28052,KSFC000006
NaN,KSFC000007
NaN,KSFC000007
NaN,KSFC000007
NaN,KSFC000006
NaN,KSFC000007
NaN,KSFC000002
NaN,KSFC000007
NaN,KSFC000006
NaN,KSFC000007
NaN,KSFC000006
NaN,KSFC000007
NaN,KSFC000007
NaN,KSFC000007
NaN,KSFC000007
NaN,KSFC000005
84020,KSFC000006
84020,KSFC000006
84020,KSFC000006
84020,KSFC000006
84020,KSFC000006
84020,KSFC000006
84020,KSFC000006
84020,KSFC000006
84020,KSFC000006
84020,KSFC000006
NaN,KSFC000001
NaN,KSFC000007
NaN,KSFC000005
NaN,KSFC000004
NaN,KSFC000004
NaN,KSFC000001
29998,KSFC000001
NaN,KSFC000007
NaN,KSFC000006
NaN,KSFC000004
NaN,KSFC000001
NaN,KSFC000004
NaN,KSFC000007
37616,KSFC000001
NaN,KSFC000007
NaN,KSFC000004
NaN,KSFC000006
NaN,KSFC000006
NaN,KSFC000007
NaN,KSFC000007
NaN,KSFC000007
NaN,KSFC000007
NaN,KSFC000004
NaN,KSFC000007
NaN,KSFC000006
NaN,KSFC000007
NaN,KSFC000004
NaN,KSFC000004
53054,KSFC000004
53054,KSFC000004
53054,KSFC000004
NaN,KSFC000006
NaN,KSFC000007
NaN,KSFC000005
NaN,KSFC000005
NaN,KSFC000004
NaN,KSFC000007
NaN,KSFC000007
NaN,KSFC000004
NaN,KSFC000006
NaN,KSFC000007
NaN,KSFC000004
NaN,KSFC000007
NaN,KSFC000006
267,KSFC000004
NaN,KSFC000001
NaN,KSFC000007
NaN,KSFC000007
NaN,KSFC000007
NaN,KSFC000006
NaN,KSFC000003
NaN,KSFC000006
NaN,KSFC000007
NaN,KSFC000006
NaN,KSFC000001
70339,KSFC000001
70339,KSFC000001
70339,KSFC000001
NaN,KSFC000007
NaN,KSFC000003
NaN,KSFC000006
NaN,KSFC000007
NaN,KSFC000007
NaN,KSFC000007
NaN,KSFC000004
13216,KSFC000002
NaN,KSFC000007
NaN,KSFC000002
NaN,KSFC000006
NaN,KSFC000006
NaN,KSFC000007
NaN,KSFC000007
NaN,KSFC000007
NaN,KSFC000007
NaN,KSFC000006
NaN,KSFC000004
NaN,KSFC000003
NaN,KSFC000006
NaN,KSFC000004
NaN,KSFC000007
NaN,KSFC000007
13955,KSFC000001
13955,KSFC000001
13955,KSFC000001
NaN,KSFC000001
NaN,KSFC000007
NaN,KSFC000004
NaN,KSFC000004
NaN,KSFC000004
NaN,KSFC000004
NaN,KSFC000007
NaN,KSFC000007
NaN,KSFC000006
NaN,KSFC000007
NaN,KSFC000007
NaN,KSFC000006
NaN,KSFC000006
49811,KSFC000006
49811,KSFC000006
49811,KSFC000006
NaN,KSFC000004
NaN,KSFC000004
NaN,KSFC000003
NaN,KSFC000003
NaN,KSFC000007
NaN,KSFC000005
NaN,KSFC000005
NaN,KSFC000007
NaN,KSFC000004
22087,KSFC000002
22087,KSFC000002
NaN,KSFC000002
46828,KSFC000001
46828,KSFC000001
46828,KSFC000001
NaN,KSFC000001
NaN,KSFC000005
NaN,KSFC000007
NaN,KSFC000004
NaN,KSFC000006
NaN,KSFC000004
NaN,KSFC000004
NaN,KSFC000005
NaN,KSFC000005
NaN,KSFC000004
NaN,KSFC000004
NaN,KSFC000007
NaN,KSFC000001
NaN,KSFC000007
NaN,KSFC000002
NaN,KSFC000001
NaN,KSFC000004
7601,KSFC000004
7601,KSFC000003
7601,KSFC000006
7601,KSFC000004
NaN,KSFC000007
NaN,KSFC000007
NaN,KSFC000004
NaN,KSFC000004
NaN,KSFC000004
NaN,KSFC000006
NaN,KSFC000005
NaN,KSFC000007
NaN,KSFC000003
NaN,KSFC000003
NaN,KSFC000007
NaN,KSFC000007
NaN,KSFC000007
NaN,KSFC000004
NaN,KSFC000004
NaN,KSFC000001
NaN,KSFC000001
39262,KSFC000006
NaN,KSFC000007
11818,KSFC000004
11818,KSFC000006
NaN,KSFC000003
6257,KSFC000007
NaN,KSFC000007
NaN,KSFC000007
NaN,KSFC000006
NaN,KSFC000005
NaN,KSFC000004
NaN,KSFC000007
NaN,KSFC000007
NaN,KSFC000007
NaN,KSFC000006
NaN,KSFC000003
NaN,KSFC000007
NaN,KSFC000002
NaN,KSFC000004
NaN,KSFC000004
NaN,KSFC000004
NaN,KSFC000004
NaN,KSFC000006
NaN,KSFC000007
NaN,KSFC000007
NaN,KSFC000007
NaN,KSFC000007
74023,KSFC000001
74023,KSFC000001
74023,KSFC000001
29062,KSFC000006
29062,KSFC000001
29062,KSFC000001
NaN,KSFC000007
NaN,KSFC000006
NaN,KSFC000002
31376,KSFC000006
31376,KSFC000006
NaN,KSFC000004
NaN,KSFC000004
NaN,KSFC000004
NaN,KSFC000007
NaN,KSFC000005
NaN,KSFC000004
NaN,KSFC000004
NaN,KSFC000006
NaN,KSFC000002
NaN,KSFC000007
NaN,KSFC000007
NaN,KSFC000004
NaN,KSFC000001
NaN,KSFC000002
NaN,KSFC000002
NaN,KSFC000002
NaN,KSFC000004
NaN,KSFC000005
NaN,KSFC000004
NaN,KSFC000004
NaN,KSFC000004
68397,KSFC000004
68397,KSFC000004
NaN,KSFC000007
NaN,KSFC000006
NaN,KSFC000003
NaN,KSFC000006
2561,KSFC000004
2561,KSFC000006
NaN,KSFC000007
NaN,KSFC000007
NaN,KSFC000007
NaN,KSFC000007
NaN,KSFC000007
NaN,KSFC000004
NaN,KSFC000003
NaN,KSFC000001
NaN,KSFC000001
NaN,KSFC000001
NaN,KSFC000005
NaN,KSFC000004
NaN,KSFC000006
NaN,KSFC000004
NaN,KSFC000003
NaN,KSFC000003
49232,KSFC000002
49232,KSFC000002
NaN,KSFC000007
2873,KSFC000001
2873,KSFC000001
2873,KSFC000001
NaN,KSFC000002
NaN,KSFC000003
NaN,KSFC000006
NaN,KSFC000007
NaN,KSFC000006
NaN,KSFC000007
NaN,KSFC000007
NaN,KSFC000007
NaN,KSFC000004
NaN,KSFC000006
NaN,KSFC000001
672,KSFC000004
NaN,KSFC000007
NaN,KSFC000004
NaN,KSFC000007
NaN,KSFC000006
NaN,KSFC000005
NaN,KSFC000007
NaN,KSFC000007
NaN,KSFC000004
NaN,KSFC000004
NaN,KSFC000004
NaN,KSFC000001
NaN,KSFC000003
NaN,KSFC000007
51961,KSFC000006
NaN,KSFC000006
NaN,KSFC000007
NaN,KSFC000002
NaN,KSFC000007
7067,KSFC000006
NaN,KSFC000006
NaN,KSFC000005
NaN,KSFC000001
10743,KSFC000003
10743,KSFC000005
10743,KSFC000006
10743,KSFC000006
NaN,KSFC000004
NaN,KSFC000004
NaN,KSFC000004
NaN,KSFC000004
NaN,KSFC000007
NaN,KSFC000003
NaN,KSFC000004
NaN,KSFC000007
NaN,KSFC000007
36321,KSFC000004
53733,KSFC000006
53733,KSFC000002
53733,KSFC000006
53733,KSFC000002
53733,KSFC000002
NaN,KSFC000007
NaN,KSFC000007
NaN,KSFC000007
NaN,KSFC000002
NaN,KSFC000001
NaN,KSFC000003
NaN,KSFC000003
NaN,KSFC000003
NaN,KSFC000007
NaN,KSFC000007
NaN,KSFC000004
NaN,KSFC000007
NaN,KSFC000007
NaN,KSFC000005
NaN,KSFC000007
NaN,KSFC000006
NaN,KSFC000005
NaN,KSFC000001
NaN,KSFC000004
NaN,KSFC000004
NaN,KSFC000007
NaN,KSFC000007
NaN,KSFC000007
NaN,KSFC000007
NaN,KSFC000004
NaN,KSFC000001
NaN,KSFC000004
41950,KSFC000007
41950,KSFC000002
41950,KSFC000002
NaN,KSFC000001
NaN,KSFC000001
NaN,KSFC000007
NaN,KSFC000001
NaN,KSFC000001
NaN,KSFC000004
NaN,KSFC000004
NaN,KSFC000004
NaN,KSFC000004
NaN,KSFC000007
63600,KSFC000002
NaN,KSFC000006
18587,KSFC000003
18587,KSFC000003
18587,KSFC000005
18587,KSFC000005
NaN,KSFC000004
NaN,KSFC000004
NaN,KSFC000007
NaN,KSFC000004
NaN,KSFC000002
NaN,KSFC000006
NaN,KSFC000007
NaN,KSFC000006
NaN,KSFC000007
NaN,KSFC000007
NaN,KSFC000007
NaN,KSFC000002
NaN,KSFC000007
NaN,KSFC000007
NaN,KSFC000007
NaN,KSFC000007
NaN,KSFC000007
85157,KSFC000007
NaN,KSFC000004
53640,KSFC000005
53640,KSFC000007
NaN,KSFC000006
NaN,KSFC000002
NaN,KSFC000004
22774,KSFC000004
NaN,KSFC000004
NaN,KSFC000003
NaN,KSFC000003
NaN,KSFC000003
19200,KSFC000004
NaN,KSFC000007
NaN,KSFC000005
NaN,KSFC000004
NaN,KSFC000007
NaN,KSFC000007
NaN,KSFC000003
NaN,KSFC000007
NaN,KSFC000007
NaN,KSFC000006
NaN,KSFC000007
NaN,KSFC000007
NaN,KSFC000007
NaN,KSFC000002
NaN,KSFC000006
NaN,KSFC000006
NaN,KSFC000007
NaN,KSFC000007
NaN,KSFC000001
NaN,KSFC000001
NaN,KSFC000004
8251,KSFC000002
8251,KSFC000007
NaN,KSFC000006
NaN,KSFC000007
NaN,KSFC000002
NaN,KSFC000006
NaN,KSFC000004
NaN,KSFC000004
NaN,KSFC000004
NaN,KSFC000001
NaN,KSFC000006
NaN,KSFC000006
NaN,KSFC000007
NaN,KSFC000004
NaN,KSFC000007
NaN,KSFC000004
NaN,KSFC000004
NaN,KSFC000006
NaN,KSFC000004
NaN,KSFC000004
NaN,KSFC000003
NaN,KSFC000007
NaN,KSFC000004
24451,KSFC000005
NaN,KSFC000007
NaN,KSFC000006
NaN,KSFC000007
NaN,KSFC000004
NaN,KSFC000004
NaN,KSFC000007
NaN,KSFC000007
NaN,KSFC000007
NaN,KSFC000001
NaN,KSFC000003
NaN,KSFC000003
NaN,KSFC000004
NaN,KSFC000007
NaN,KSFC000006
NaN,KSFC000006
NaN,KSFC000006
NaN,KSFC000005
NaN,KSFC000006
NaN,KSFC000004
NaN,KSFC000004
NaN,KSFC000004
NaN,KSFC000007
NaN,KSFC000007
NaN,KSFC000007
NaN,KSFC000004
NaN,KSFC000004
NaN,KSFC000004
NaN,KSFC000001
NaN,KSFC000006
NaN,KSFC000004
NaN,KSFC000007
NaN,KSFC000007
NaN,KSFC000004
NaN,KSFC000006
NaN,KSFC000002
NaN,KSFC000001
NaN,KSFC000002
NaN,KSFC000006
NaN,KSFC000003
NaN,KSFC000006
NaN,KSFC000007
NaN,KSFC000007
NaN,KSFC000002
NaN,KSFC000004
36893,KSFC000002
36893,KSFC000002
NaN,KSFC000004
19956,KSFC000001
10118,KSFC000006
10118,KSFC000001
NaN,KSFC000006
22640,KSFC000004
22640,KSFC000004
NaN,KSFC000002
NaN,KSFC000007
24798,KSFC000004
24798,KSFC000006
24798,KSFC000004
NaN,KSFC000006
NaN,KSFC000004
NaN,KSFC000004
NaN,KSFC000007
NaN,KSFC000006
NaN,KSFC000003
NaN,KSFC000003
NaN,KSFC000007
NaN,KSFC000006
NaN,KSFC000001
NaN,KSFC000007
47746,KSFC000002
NaN,KSFC000004
NaN,KSFC000007
NaN,KSFC000001
NaN,KSFC000007
NaN,KSFC000003
NaN,KSFC000007
NaN,KSFC000007
NaN,KSFC000007
NaN,KSFC000005
NaN,KSFC000003
NaN,KSFC000006
NaN,KSFC000004
NaN,KSFC000006
NaN,KSFC000006
NaN,KSFC000002
20803,KSFC000002
NaN,KSFC000004
NaN,KSFC000004
NaN,KSFC000004
NaN,KSFC000002
NaN,KSFC000007
NaN,KSFC000007
26133,KSFC000004
NaN,KSFC000001
NaN,KSFC000004
NaN,KSFC000007
NaN,KSFC000007
NaN,KSFC000006
NaN,KSFC000007
51649,KSFC000004
51649,KSFC000004
NaN,KSFC000007
76604,KSFC000002
76604,KSFC000002
76604,KSFC000002
NaN,KSFC000007
NaN,KSFC000004
NaN,KSFC000007
NaN,KSFC000001
NaN,KSFC000001
NaN,KSFC000007
NaN,KSFC000007
NaN,KSFC000007
NaN,KSFC000007
NaN,KSFC000001
NaN,KSFC000004
NaN,KSFC000007
NaN,KSFC000004
NaN,KSFC000006
NaN,KSFC000007
NaN,KSFC000007
NaN,KSFC000006
NaN,KSFC000006
NaN,KSFC000006
NaN,KSFC000004
NaN,KSFC000006
NaN,KSFC000004
NaN,KSFC000004
NaN,KSFC000001
NaN,KSFC000001
NaN,KSFC000001
NaN,KSFC000004
NaN,KSFC000006
NaN,KSFC000004
12650,KSFC000004
12650,KSFC000004
12650,KSFC000004
12650,KSFC000004
NaN,KSFC000004
NaN,KSFC000006
26540,KSFC000004
26540,KSFC000004
NaN,KSFC000005
NaN,KSFC000007
NaN,KSFC000003
NaN,KSFC000006
NaN,KSFC000006
NaN,KSFC000007
NaN,KSFC000004
NaN,KSFC000006
NaN,KSFC000007
NaN,KSFC000002
NaN,KSFC000007
NaN,KSFC000004
NaN,KSFC000005
NaN,KSFC000006
NaN,KSFC000002
NaN,KSFC000004
NaN,KSFC000004
NaN,KSFC000007
NaN,KSFC000004
NaN,KSFC000007
NaN,KSFC000007
NaN,KSFC000007
17929,KSFC000002
14065,KSFC000004
14065,KSFC000004
14065,KSFC000004
NaN,KSFC000007
13770,KSFC000004
NaN,KSFC000006
NaN,KSFC000007
NaN,KSFC000004
NaN,KSFC000006
NaN,KSFC000007
NaN,KSFC000004
NaN,KSFC000004
NaN,KSFC000007
NaN,KSFC000004
NaN,KSFC000004
45300,KSFC000007
45300,KSFC000002
45300,KSFC000006
NaN,KSFC000006
NaN,KSFC000004
NaN,KSFC000007
NaN,KSFC000006
NaN,KSFC000004
NaN,KSFC000001
NaN,KSFC000006
NaN,KSFC000007
NaN,KSFC000004
NaN,KSFC000004
NaN,KSFC000004
NaN,KSFC000004
NaN,KSFC000006
NaN,KSFC000006
NaN,KSFC000007
NaN,KSFC000004
NaN,KSFC000001
NaN,KSFC000001
NaN,KSFC000007
NaN,KSFC000007
NaN,KSFC000007
NaN,KSFC000004
NaN,KSFC000007
54495,KSFC000004
54495,KSFC000004
NaN,KSFC000001
NaN,KSFC000001
NaN,KSFC000007
NaN,KSFC000007
3579,KSFC000004
3579,KSFC000004
3579,KSFC000004
3579,KSFC000006
NaN,KSFC000007
NaN,KSFC000007
NaN,KSFC000004
34077,KSFC000004
NaN,KSFC000007
NaN,KSFC000006
NaN,KSFC000007
NaN,KSFC000004
NaN,KSFC000001
NaN,KSFC000003
22585,KSFC000002
NaN,KSFC000007
NaN,KSFC000007
NaN,KSFC000007
NaN,KSFC000007
NaN,KSFC000007
NaN,KSFC000007
NaN,KSFC000007
NaN,KSFC000007
NaN,KSFC000007
NaN,KSFC000002
NaN,KSFC000007
NaN,KSFC000006
NaN,KSFC000007
NaN,KSFC000001
NaN,KSFC000004
NaN,KSFC000007
22762,KSFC000004
8624,KSFC000007
8624,KSFC000005
8624,KSFC000006
NaN,KSFC000007
NaN,KSFC000007
NaN,KSFC000004
NaN,KSFC000004
NaN,KSFC000004
NaN,KSFC000007
NaN,KSFC000006
NaN,KSFC000004
NaN,KSFC000007
19997,KSFC000006
19997,KSFC000006
19997,KSFC000006
19997,KSFC000004
19997,KSFC000004
19997,KSFC000006
NaN,KSFC000007
NaN,KSFC000003
NaN,KSFC000001
NaN,KSFC000007
NaN,KSFC000002
NaN,KSFC000001
NaN,KSFC000006
NaN,KSFC000004
NaN,KSFC000004
NaN,KSFC000001
NaN,KSFC000004
NaN,KSFC000002
NaN,KSFC000006
NaN,KSFC000003
NaN,KSFC000003
NaN,KSFC000004
NaN,KSFC000004
NaN,KSFC000004
NaN,KSFC000004
NaN,KSFC000007
NaN,KSFC000004
NaN,KSFC000006
NaN,KSFC000006
NaN,KSFC000004
NaN,KSFC000004
NaN,KSFC000006
NaN,KSFC000004
NaN,KSFC000007
NaN,KSFC000004
NaN,KSFC000004
67401,KSFC000004
67401,KSFC000004
67401,KSFC000004
67401,KSFC000004
67401,KSFC000004
67401,KSFC000004
NaN,KSFC000007
NaN,KSFC000007
NaN,KSFC000007
NaN,KSFC000003
NaN,KSFC000007
NaN,KSFC000002
NaN,KSFC000001
NaN,KSFC000001
NaN,KSFC000007
NaN,KSFC000007
NaN,KSFC000007
NaN,KSFC000005
NaN,KSFC000007
7493,KSFC000004
NaN,KSFC000004
NaN,KSFC000006
NaN,KSFC000003
NaN,KSFC000003
NaN,KSFC000001
NaN,KSFC000007
NaN,KSFC000007
NaN,KSFC000001
28401,KSFC000004
28401,KSFC000006
NaN,KSFC000005
NaN,KSFC000006
NaN,KSFC000001
NaN,KSFC000007
42484,KSFC000005
42484,KSFC000005
42484,KSFC000005
42484,KSFC000005
42484,KSFC000005
42484,KSFC000005
NaN,KSFC000001
NaN,KSFC000007
NaN,KSFC000006
NaN,KSFC000007
NaN,KSFC000007
NaN,KSFC000001
24403,KSFC000004
24403,KSFC000006
24403,KSFC000004
NaN,KSFC000007
NaN,KSFC000004
NaN,KSFC000002
NaN,KSFC000007
17061,KSFC000006
17061,KSFC000006
17061,KSFC000007
NaN,KSFC000007
NaN,KSFC000002
NaN,KSFC000007
28800,KSFC000006
28800,KSFC000001
NaN,KSFC000004
NaN,KSFC000006
NaN,KSFC000004
NaN,KSFC000007
NaN,KSFC000007
NaN,KSFC000007
NaN,KSFC000007
50648,KSFC000004
NaN,KSFC000007
64906,KSFC000001
64906,KSFC000001
64906,KSFC000001
NaN,KSFC000007
NaN,KSFC000007
NaN,KSFC000007
NaN,KSFC000004
NaN,KSFC000007
NaN,KSFC000007
NaN,KSFC000004
NaN,KSFC000005
25185,KSFC000004
25185,KSFC000005
25185,KSFC000005
NaN,KSFC000004
NaN,KSFC000004
NaN,KSFC000004
NaN,KSFC000005
NaN,KSFC000007
NaN,KSFC000007
NaN,KSFC000001
NaN,KSFC000007
NaN,KSFC000004
NaN,KSFC000004
NaN,KSFC000004
NaN,KSFC000004
NaN,KSFC000006
NaN,KSFC000002
38056,KSFC000004
26792,KSFC000004
26792,KSFC000004
14796,KSFC000006
14796,KSFC000006
NaN,KSFC000007
NaN,KSFC000007
NaN,KSFC000002
NaN,KSFC000006
NaN,KSFC000006
NaN,KSFC000003
NaN,KSFC000006
NaN,KSFC000004
NaN,KSFC000007
NaN,KSFC000007
NaN,KSFC000007
NaN,KSFC000007
NaN,KSFC000007
NaN,KSFC000007
NaN,KSFC000007
76783,KSFC000001
76783,KSFC000001
76783,KSFC000001
NaN,KSFC000004
NaN,KSFC000004
28925,KSFC000003
NaN,KSFC000006
NaN,KSFC000006
NaN,KSFC000007
NaN,KSFC000007
NaN,KSFC000006
NaN,KSFC000007
NaN,KSFC000003
14393,KSFC000006
NaN,KSFC000006
NaN,KSFC000004
NaN,KSFC000003
NaN,KSFC000007
NaN,KSFC000006
NaN,KSFC000006
NaN,KSFC000006
NaN,KSFC000002
NaN,KSFC000003
NaN,KSFC000003
NaN,KSFC000007
NaN,KSFC000004
NaN,KSFC000007
NaN,KSFC000007
NaN,KSFC000004
736,KSFC000006
736,KSFC000004
736,KSFC000006
NaN,KSFC000004
NaN,KSFC000006
NaN,KSFC000006
NaN,KSFC000007
83613,KSFC000006
83613,KSFC000006
83613,KSFC000006
83613,KSFC000006
83613,KSFC000006
83613,KSFC000006
83613,KSFC000006
NaN,KSFC000007
NaN,KSFC000006
NaN,KSFC000006
NaN,KSFC000006
NaN,KSFC000004
NaN,KSFC000004
NaN,KSFC000005
NaN,KSFC000007
NaN,KSFC000006
NaN,KSFC000007
NaN,KSFC000007
NaN,KSFC000007
NaN,KSFC000002
NaN,KSFC000001
NaN,KSFC000005
NaN,KSFC000004
NaN,KSFC000004
NaN,KSFC000004
NaN,KSFC000004
NaN,KSFC000004
NaN,KSFC000007
NaN,KSFC000007
NaN,KSFC000004
NaN,KSFC000007
NaN,KSFC000007
84036,KSFC000007
84036,KSFC000007
84036,KSFC000007
84036,KSFC000007
NaN,KSFC000003
NaN,KSFC000005
3468,KSFC000001
3468,KSFC000001
NaN,KSFC000007
NaN,KSFC000002
NaN,KSFC000006
NaN,KSFC000006
NaN,KSFC000004
45659,KSFC000004
45659,KSFC000004
NaN,KSFC000006
NaN,KSFC000007
NaN,KSFC000003
NaN,KSFC000003
NaN,KSFC000006
NaN,KSFC000006
NaN,KSFC000006
NaN,KSFC000004
NaN,KSFC000006
NaN,KSFC000005
NaN,KSFC000007
NaN,KSFC000006
44563,KSFC000005
44563,KSFC000005
44563,KSFC000005
44563,KSFC000004
44563,KSFC000005
44563,KSFC000005
44563,KSFC000004
44563,KSFC000005
44563,KSFC000004
33858,KSFC000003
33858,KSFC000003
33858,KSFC000003
33858,KSFC000006
NaN,KSFC000004
NaN,KSFC000004
9653,KSFC000007
9653,KSFC000007
NaN,KSFC000006
NaN,KSFC000003
NaN,KSFC000006
NaN,KSFC000007
NaN,KSFC000004
NaN,KSFC000004
NaN,KSFC000006
NaN,KSFC000006
NaN,KSFC000001
NaN,KSFC000001
NaN,KSFC000002
NaN,KSFC000007
NaN,KSFC000007
NaN,KSFC000007
24401,KSFC000006
84306,KSFC000007
84306,KSFC000007
NaN,KSFC000004
NaN,KSFC000007
NaN,KSFC000006
26777,KSFC000006
26777,KSFC000005
26777,KSFC000005
26777,KSFC000006
26777,KSFC000005
26777,KSFC000005
NaN,KSFC000007
NaN,KSFC000007
NaN,KSFC000007
NaN,KSFC000005
NaN,KSFC000006
NaN,KSFC000006
NaN,KSFC000007
NaN,KSFC000004
NaN,KSFC000004
NaN,KSFC000007
NaN,KSFC000004
NaN,KSFC000002
NaN,KSFC000002
54302,KSFC000004
54302,KSFC000004
NaN,KSFC000007
30158,KSFC000002
NaN,KSFC000001
NaN,KSFC000006
40264,KSFC000006
NaN,KSFC000006
NaN,KSFC000003
NaN,KSFC000006
NaN,KSFC000005
NaN,KSFC000007
NaN,KSFC000006
NaN,KSFC000004
NaN,KSFC000007
NaN,KSFC000002
NaN,KSFC000006
NaN,KSFC000004
NaN,KSFC000004
NaN,KSFC000002
NaN,KSFC000005
NaN,KSFC000006
NaN,KSFC000006
NaN,KSFC000003
NaN,KSFC000006
NaN,KSFC000006
NaN,KSFC000004
NaN,KSFC000004
NaN,KSFC000007
NaN,KSFC000003
23644,KSFC000004
23644,KSFC000004
NaN,KSFC000003
NaN,KSFC000005
NaN,KSFC000006
NaN,KSFC000006
NaN,KSFC000006
NaN,KSFC000006
NaN,KSFC000006
NaN,KSFC000007
NaN,KSFC000001
NaN,KSFC000006
NaN,KSFC000002
NaN,KSFC000007
NaN,KSFC000007
NaN,KSFC000007
NaN,KSFC000007
NaN,KSFC000003
NaN,KSFC000006
NaN,KSFC000004
NaN,KSFC000007
NaN,KSFC000006
NaN,KSFC000007
NaN,KSFC000007
NaN,KSFC000007
NaN,KSFC000006
NaN,KSFC000001
NaN,KSFC000006
NaN,KSFC000007
NaN,KSFC000007
NaN,KSFC000007
NaN,KSFC000004
NaN,KSFC000005
NaN,KSFC000005
NaN,KSFC000006
NaN,KSFC000006
NaN,KSFC000004
NaN,KSFC000007
NaN,KSFC000006
NaN,KSFC000004
NaN,KSFC000004
NaN,KSFC000007
NaN,KSFC000007
NaN,KSFC000006
NaN,KSFC000007
NaN,KSFC000007
NaN,KSFC000007
NaN,KSFC000007
NaN,KSFC000007
NaN,KSFC000003
NaN,KSFC000006
NaN,KSFC000006
NaN,KSFC000001
NaN,KSFC000006
NaN,KSFC000005
NaN,KSFC000007
NaN,KSFC000004
NaN,KSFC000003
NaN,KSFC000006
NaN,KSFC000002
12622,KSFC000004
12622,KSFC000004
12622,KSFC000005
NaN,KSFC000007
NaN,KSFC000007
NaN,KSFC000007
8595,KSFC000004
8595,KSFC000001
8595,KSFC000006
8595,KSFC000001
8595,KSFC000001
NaN,KSFC000007
35702,KSFC000002
35702,KSFC000002
NaN,KSFC000004
NaN,KSFC000004
NaN,KSFC000003
NaN,KSFC000007
NaN,KSFC000007
NaN,KSFC000002
NaN,KSFC000007
NaN,KSFC000007
NaN,KSFC000007
NaN,KSFC000007
NaN,KSFC000007
NaN,KSFC000004
NaN,KSFC000002
NaN,KSFC000007
NaN,KSFC000007
NaN,KSFC000003
NaN,KSFC000003
NaN,KSFC000004
NaN,KSFC000006
NaN,KSFC000007
NaN,KSFC000007
NaN,KSFC000003
NaN,KSFC000007
NaN,KSFC000002
NaN,KSFC000006
NaN,KSFC000007
NaN,KSFC000004
NaN,KSFC000006
NaN,KSFC000006
NaN,KSFC000001
NaN,KSFC000003
NaN,KSFC000003
NaN,KSFC000005
44543,KSFC000004
44543,KSFC000004
NaN,KSFC000007
NaN,KSFC000003
NaN,KSFC000007
NaN,KSFC000006
NaN,KSFC000006
NaN,KSFC000006
NaN,KSFC000005
NaN,KSFC000006
NaN,KSFC000007
NaN,KSFC000007
NaN,KSFC000003
NaN,KSFC000003
80138,KSFC000001
80138,KSFC000001
NaN,KSFC000004
NaN,KSFC000004
NaN,KSFC000006
9334,KSFC000004
9334,KSFC000006
9334,KSFC000006
9334,KSFC000004
9334,KSFC000004
NaN,KSFC000005
NaN,KSFC000004
NaN,KSFC000007
NaN,KSFC000007
NaN,KSFC000007
NaN,KSFC000004
NaN,KSFC000006
NaN,KSFC000003
NaN,KSFC000004
NaN,KSFC000004
NaN,KSFC000007
NaN,KSFC000003
NaN,KSFC000007
NaN,KSFC000002
NaN,KSFC000004
NaN,KSFC000004
NaN,KSFC000003
NaN,KSFC000006
NaN,KSFC000007
NaN,KSFC000006
66726,KSFC000006
66726,KSFC000004
66726,KSFC000006
66726,KSFC000004
66726,KSFC000004
66726,KSFC000004
69928,KSFC000007
NaN,KSFC000007
15718,KSFC000004
15718,KSFC000006
15718,KSFC000004
NaN,KSFC000003
NaN,KSFC000001
NaN,KSFC000007
NaN,KSFC000001
NaN,KSFC000002
NaN,KSFC000007
NaN,KSFC000002
NaN,KSFC000006
NaN,KSFC000007
NaN,KSFC000007
NaN,KSFC000007
NaN,KSFC000006
NaN,KSFC000005
NaN,KSFC000007
NaN,KSFC000003
NaN,KSFC000006
NaN,KSFC000007
NaN,KSFC000004
NaN,KSFC000006
NaN,KSFC000004
NaN,KSFC000004
NaN,KSFC000006
NaN,KSFC000007
NaN,KSFC000007
NaN,KSFC000007
NaN,KSFC000004
NaN,KSFC000007
NaN,KSFC000006
NaN,KSFC000005
NaN,KSFC000002
NaN,KSFC000005
NaN,KSFC000004
NaN,KSFC000004
NaN,KSFC000007
NaN,KSFC000007
NaN,KSFC000003
65660,KSFC000004
65660,KSFC000004
65660,KSFC000004
NaN,KSFC000003
NaN,KSFC000004
NaN,KSFC000004
NaN,KSFC000003
NaN,KSFC000007
NaN,KSFC000006
NaN,KSFC000006
NaN,KSFC000006
NaN,KSFC000007
NaN,KSFC000007
NaN,KSFC000003
NaN,KSFC000006
NaN,KSFC000007
NaN,KSFC000007
NaN,KSFC000007
NaN,KSFC000006
13791,KSFC000004
13791,KSFC000004
NaN,KSFC000007
81748,KSFC000001
NaN,KSFC000001
NaN,KSFC000006
NaN,KSFC000006
NaN,KSFC000007
NaN,KSFC000006
NaN,KSFC000006
NaN,KSFC000006
NaN,KSFC000006
NaN,KSFC000006
NaN,KSFC000005
NaN,KSFC000004
NaN,KSFC000004
NaN,KSFC000007
NaN,KSFC000003
NaN,KSFC000007
NaN,KSFC000007
NaN,KSFC000007
NaN,KSFC000007
NaN,KSFC000005
NaN,KSFC000007
NaN,KSFC000007
NaN,KSFC000006
NaN,KSFC000006
NaN,KSFC000006
NaN,KSFC000001
39607,KSFC000001
NaN,KSFC000007
NaN,KSFC000005
NaN,KSFC000005
NaN,KSFC000006
NaN,KSFC000006
NaN,KSFC000001
NaN,KSFC000007
NaN,KSFC000007
NaN,KSFC000007
NaN,KSFC000006
NaN,KSFC000004
NaN,KSFC000003
NaN,KSFC000007
NaN,KSFC000007
NaN,KSFC000001
NaN,KSFC000007
NaN,KSFC000005
NaN,KSFC000007
NaN,KSFC000007
NaN,KSFC000007
NaN,KSFC000003
NaN,KSFC000005
NaN,KSFC000007
NaN,KSFC000005
NaN,KSFC000007
NaN,KSFC000006
NaN,KSFC000007
NaN,KSFC000007
NaN,KSFC000007
NaN,KSFC000007
NaN,KSFC000004
NaN,KSFC000004
NaN,KSFC000007
NaN,KSFC000007
NaN,KSFC000007
NaN,KSFC000001
NaN,KSFC000007
NaN,KSFC000007
NaN,KSFC000002
NaN,KSFC000007
NaN,KSFC000004
NaN,KSFC000007
NaN,KSFC000002
NaN,KSFC000006
NaN,KSFC000004
NaN,KSFC000006
NaN,KSFC000006
NaN,KSFC000005
NaN,KSFC000007
NaN,KSFC000007
NaN,KSFC000003
NaN,KSFC000003
NaN,KSFC000007
NaN,KSFC000007
NaN,KSFC000004
NaN,KSFC000004
NaN,KSFC000004
NaN,KSFC000006
NaN,KSFC000006
NaN,KSFC000007
NaN,KSFC000004
NaN,KSFC000007
NaN,KSFC000006
NaN,KSFC000001
NaN,KSFC000001
NaN,KSFC000007
NaN,KSFC000004
NaN,KSFC000004
NaN,KSFC000005
NaN,KSFC000004
NaN,KSFC000007
NaN,KSFC000004
NaN,KSFC000002
NaN,KSFC000007
NaN,KSFC000004
NaN,KSFC000003
NaN,KSFC000002
NaN,KSFC000002
NaN,KSFC000004
NaN,KSFC000007
NaN,KSFC000006
NaN,KSFC000004
NaN,KSFC000004
NaN,KSFC000006
NaN,KSFC000001
NaN,KSFC000007
NaN,KSFC000007
NaN,KSFC000004
NaN,KSFC000007
NaN,KSFC000006
NaN,KSFC000004
NaN,KSFC000004
NaN,KSFC000006
NaN,KSFC000006
NaN,KSFC000006
NaN,KSFC000006
NaN,KSFC000003
810,KSFC000004
810,KSFC000006
810,KSFC000004
NaN,KSFC000007
NaN,KSFC000007
NaN,KSFC000007
NaN,KSFC000001
NaN,KSFC000004
NaN,KSFC000006
NaN,KSFC000004
NaN,KSFC000004
NaN,KSFC000004
NaN,KSFC000007
NaN,KSFC000007
NaN,KSFC000001
NaN,KSFC000007
NaN,KSFC000007
NaN,KSFC000007
NaN,KSFC000007
NaN,KSFC000002
NaN,KSFC000001
NaN,KSFC000001
NaN,KSFC000007
NaN,KSFC000007
NaN,KSFC000005
NaN,KSFC000007
NaN,KSFC000004
NaN,KSFC000007
NaN,KSFC000001
NaN,KSFC000004
NaN,KSFC000007
NaN,KSFC000006
NaN,KSFC000004
NaN,KSFC000007
NaN,KSFC000006
NaN,KSFC000007
NaN,KSFC000005
NaN,KSFC000007
NaN,KSFC000004
NaN,KSFC000004
NaN,KSFC000004
NaN,KSFC000004
NaN,KSFC000001
NaN,KSFC000004
NaN,KSFC000004
NaN,KSFC000007
NaN,KSFC000004
NaN,KSFC000007
NaN,KSFC000007
NaN,KSFC000007
NaN,KSFC000007
NaN,KSFC000006
NaN,KSFC000006
NaN,KSFC000007
NaN,KSFC000007
NaN,KSFC000004
NaN,KSFC000007
NaN,KSFC000004
NaN,KSFC000001
NaN,KSFC000004
NaN,KSFC000007
NaN,KSFC000007
NaN,KSFC000004
NaN,KSFC000002
NaN,KSFC000002
NaN,KSFC000002
NaN,KSFC000004
NaN,KSFC000006
NaN,KSFC000007
NaN,KSFC000005
NaN,KSFC000007
NaN,KSFC000006
NaN,KSFC000007
NaN,KSFC000004
NaN,KSFC000004
NaN,KSFC000006
NaN,KSFC000004
NaN,KSFC000004
NaN,KSFC000004
NaN,KSFC000004
NaN,KSFC000002
NaN,KSFC000004
NaN,KSFC000007
NaN,KSFC000007
NaN,KSFC000007
NaN,KSFC000002
NaN,KSFC000006
NaN,KSFC000001
NaN,KSFC000007
NaN,KSFC000004
NaN,KSFC000004
NaN,KSFC000006
NaN,KSFC000001
NaN,KSFC000001
NaN,KSFC000001
NaN,KSFC000007
NaN,KSFC000006
NaN,KSFC000006
NaN,KSFC000004
NaN,KSFC000003
NaN,KSFC000004
NaN,KSFC000007
NaN,KSFC000001
NaN,KSFC000001
NaN,KSFC000006
NaN,KSFC000006
NaN,KSFC000004
NaN,KSFC000006
NaN,KSFC000007
NaN,KSFC000004
NaN,KSFC000003
NaN,KSFC000006
NaN,KSFC000003
NaN,KSFC000004
NaN,KSFC000004
NaN,KSFC000004
NaN,KSFC000007
NaN,KSFC000001
NaN,KSFC000003
NaN,KSFC000006
NaN,KSFC000006
NaN,KSFC000007
NaN,KSFC000007
NaN,KSFC000003
NaN,KSFC000002
NaN,KSFC000002
NaN,KSFC000004
NaN,KSFC000007
NaN,KSFC000005
NaN,KSFC000001
NaN,KSFC000007
NaN,KSFC000006
NaN,KSFC000006
NaN,KSFC000001
NaN,KSFC000004
NaN,KSFC000004
NaN,KSFC000002
NaN,KSFC000006
NaN,KSFC000007
NaN,KSFC000007
NaN,KSFC000007
NaN,KSFC000007
NaN,KSFC000006
NaN,KSFC000001
NaN,KSFC000006
NaN,KSFC000001
NaN,KSFC000006
NaN,KSFC000006
NaN,KSFC000004
NaN,KSFC000002
NaN,KSFC000006
NaN,KSFC000007
NaN,KSFC000004
NaN,KSFC000004
NaN,KSFC000007
NaN,KSFC000004
NaN,KSFC000004
NaN,KSFC000004
NaN,KSFC000001
NaN,KSFC000001
NaN,KSFC000001
NaN,KSFC000001
NaN,KSFC000001
NaN,KSFC000001
NaN,KSFC000001
NaN,KSFC000001
NaN,KSFC000006
NaN,KSFC000007
NaN,KSFC000007
NaN,KSFC000006
NaN,KSFC000007
NaN,KSFC000004
NaN,KSFC000004
NaN,KSFC000004
NaN,KSFC000004
NaN,KSFC000004
NaN,KSFC000007
NaN,KSFC000007
NaN,KSFC000006
NaN,KSFC000007
NaN,KSFC000001
NaN,KSFC000001
NaN,KSFC000006
NaN,KSFC000004
NaN,KSFC000007
NaN,KSFC000002
NaN,KSFC000004
NaN,KSFC000007
NaN,KSFC000007
NaN,KSFC000004
NaN,KSFC000007
NaN,KSFC000002
NaN,KSFC000006
NaN,KSFC000004
NaN,KSFC000004
NaN,KSFC000001
NaN,KSFC000002
NaN,KSFC000001
NaN,KSFC000006
NaN,KSFC000004
NaN,KSFC000007
NaN,KSFC000002
NaN,KSFC000007
NaN,KSFC000006
NaN,KSFC000006
NaN,KSFC000006
NaN,KSFC000006
NaN,KSFC000007
NaN,KSFC000004
NaN,KSFC000001
NaN,KSFC000004
NaN,KSFC000007
NaN,KSFC000003
NaN,KSFC000005
NaN,KSFC000006
NaN,KSFC000002
NaN,KSFC000006
NaN,KSFC000003
NaN,KSFC000007
NaN,KSFC000006
NaN,KSFC000004
NaN,KSFC000005
NaN,KSFC000007
NaN,KSFC000007
NaN,KSFC000007
NaN,KSFC000004
NaN,KSFC000007
NaN,KSFC000005
NaN,KSFC000007
NaN,KSFC000007
NaN,KSFC000001
NaN,KSFC000004
NaN,KSFC000004
NaN,KSFC000007
NaN,KSFC000004
NaN,KSFC000005
NaN,KSFC000004
NaN,KSFC000006
NaN,KSFC000007
NaN,KSFC000002
NaN,KSFC000006
NaN,KSFC000002
NaN,KSFC000004
NaN,KSFC000003
NaN,KSFC000007
NaN,KSFC000004
NaN,KSFC000004
NaN,KSFC000007
NaN,KSFC000007
NaN,KSFC000001
NaN,KSFC000007
NaN,KSFC000006
NaN,KSFC000006
NaN,KSFC000007
NaN,KSFC000002
NaN,KSFC000002
NaN,KSFC000002
NaN,KSFC000002
NaN,KSFC000007
NaN,KSFC000004
NaN,KSFC000006
NaN,KSFC000004
NaN,KSFC000007
NaN,KSFC000006
NaN,KSFC000006
NaN,KSFC000006
NaN,KSFC000004
NaN,KSFC000007
NaN,KSFC000007
NaN,KSFC000002
NaN,KSFC000002
NaN,KSFC000006
NaN,KSFC000006
NaN,KSFC000007
NaN,KSFC000002
NaN,KSFC000005
NaN,KSFC000007
43837,KSFC000004
43837,KSFC000004
NaN,KSFC000002
NaN,KSFC000001
NaN,KSFC000007
NaN,KSFC000004
NaN,KSFC000007
NaN,KSFC000001
NaN,KSFC000007
NaN,KSFC000001
NaN,KSFC000006
NaN,KSFC000004
NaN,KSFC000007
NaN,KSFC000004
NaN,KSFC000004
NaN,KSFC000001
NaN,KSFC000001
NaN,KSFC000004
NaN,KSFC000004
NaN,KSFC000002
NaN,KSFC000002
NaN,KSFC000004
NaN,KSFC000007
NaN,KSFC000003
NaN,KSFC000001
NaN,KSFC000001
NaN,KSFC000001
NaN,KSFC000001
NaN,KSFC000001
NaN,KSFC000006
NaN,KSFC000005
NaN,KSFC000001
NaN,KSFC000004
NaN,KSFC000002
NaN,KSFC000007
NaN,KSFC000006
NaN,KSFC000004
NaN,KSFC000003
NaN,KSFC000004
NaN,KSFC000007
NaN,KSFC000006
NaN,KSFC000001
NaN,KSFC000006
NaN,KSFC000001
NaN,KSFC000007
NaN,KSFC000007
NaN,KSFC000004
NaN,KSFC000007
NaN,KSFC000003
NaN,KSFC000007
NaN,KSFC000002
NaN,KSFC000007
11718,KSFC000004
11718,KSFC000004
NaN,KSFC000004
NaN,KSFC000004
NaN,KSFC000006
NaN,KSFC000007
NaN,KSFC000004
NaN,KSFC000007
NaN,KSFC000007
NaN,KSFC000006
NaN,KSFC000007
NaN,KSFC000006
NaN,KSFC000004
NaN,KSFC000006
NaN,KSFC000004
NaN,KSFC000007
NaN,KSFC000004
NaN,KSFC000004
NaN,KSFC000007
NaN,KSFC000004
NaN,KSFC000004
NaN,KSFC000007
NaN,KSFC000007
NaN,KSFC000007
NaN,KSFC000005
NaN,KSFC000006
NaN,KSFC000002
NaN,KSFC000006
NaN,KSFC000007
NaN,KSFC000005
NaN,KSFC000001
NaN,KSFC000004
NaN,KSFC000004
NaN,KSFC000006
NaN,KSFC000007
NaN,KSFC000006
NaN,KSFC000003
NaN,KSFC000004
NaN,KSFC000004
NaN,KSFC000003
NaN,KSFC000004
NaN,KSFC000005
NaN,KSFC000005
NaN,KSFC000001
NaN,KSFC000006
NaN,KSFC000006
NaN,KSFC000006
NaN,KSFC000001
NaN,KSFC000006
35920,KSFC000002
NaN,KSFC000007
NaN,KSFC000006
NaN,KSFC000001
NaN,KSFC000004
NaN,KSFC000005
NaN,KSFC000002
NaN,KSFC000007
NaN,KSFC000002
NaN,KSFC000006
NaN,KSFC000006
NaN,KSFC000006
NaN,KSFC000006
NaN,KSFC000004
NaN,KSFC000004
NaN,KSFC000004
NaN,KSFC000007
NaN,KSFC000004
NaN,KSFC000004
NaN,KSFC000004
NaN,KSFC000004
NaN,KSFC000004
NaN,KSFC000007
NaN,KSFC000004
NaN,KSFC000004
NaN,KSFC000004
NaN,KSFC000004
NaN,KSFC000004
NaN,KSFC000007
NaN,KSFC000004
NaN,KSFC000006
NaN,KSFC000005
NaN,KSFC000007
NaN,KSFC000004
NaN,KSFC000001
NaN,KSFC000007
NaN,KSFC000004
NaN,KSFC000007
NaN,KSFC000001
NaN,KSFC000002
NaN,KSFC000004
NaN,KSFC000004
NaN,KSFC000006
NaN,KSFC000007
NaN,KSFC000007
NaN,KSFC000001
NaN,KSFC000004
NaN,KSFC000004
NaN,KSFC000006
NaN,KSFC000004
NaN,KSFC000005
NaN,KSFC000001
33976,KSFC000002
33976,KSFC000002
33976,KSFC000002
NaN,KSFC000007
NaN,KSFC000004
NaN,KSFC000001
NaN,KSFC000007
NaN,KSFC000007
NaN,KSFC000001
NaN,KSFC000007
NaN,KSFC000004
NaN,KSFC000006
NaN,KSFC000002
NaN,KSFC000004
NaN,KSFC000004
NaN,KSFC000006
NaN,KSFC000006
NaN,KSFC000004
NaN,KSFC000004
NaN,KSFC000004
NaN,KSFC000001
NaN,KSFC000007
NaN,KSFC000007
NaN,KSFC000004
NaN,KSFC000002
NaN,KSFC000001
NaN,KSFC000004
NaN,KSFC000001
NaN,KSFC000007
NaN,KSFC000004
NaN,KSFC000007
NaN,KSFC000001
NaN,KSFC000007
NaN,KSFC000003
NaN,KSFC000004
NaN,KSFC000005
NaN,KSFC000007
NaN,KSFC000007
NaN,KSFC000007
NaN,KSFC000004
NaN,KSFC000004
NaN,KSFC000004
NaN,KSFC000006
NaN,KSFC000007
NaN,KSFC000004
11972,KSFC000004
11972,KSFC000004
NaN,KSFC000005
NaN,KSFC000007
NaN,KSFC000007
NaN,KSFC000001
NaN,KSFC000007
53489,KSFC000006
53489,KSFC000002
53489,KSFC000004
53489,KSFC000006
NaN,KSFC000007
NaN,KSFC000007
NaN,KSFC000007
NaN,KSFC000006
NaN,KSFC000007
NaN,KSFC000002
NaN,KSFC000007
NaN,KSFC000006
NaN,KSFC000007
NaN,KSFC000006
NaN,KSFC000007
NaN,KSFC000007
NaN,KSFC000007
NaN,KSFC000007
NaN,KSFC000005
NaN,KSFC000006
NaN,KSFC000006
NaN,KSFC000006
NaN,KSFC000006
NaN,KSFC000006
NaN,KSFC000006
NaN,KSFC000006
NaN,KSFC000006
NaN,KSFC000006
NaN,KSFC000006
NaN,KSFC000001
NaN,KSFC000007
NaN,KSFC000005
NaN,KSFC000004
NaN,KSFC000004
NaN,KSFC000001
NaN,KSFC000001
NaN,KSFC000007
NaN,KSFC000006
NaN,KSFC000004
NaN,KSFC000001
NaN,KSFC000004
NaN,KSFC000007
NaN,KSFC000001
NaN,KSFC000007
NaN,KSFC000004
NaN,KSFC000006
NaN,KSFC000006
NaN,KSFC000007
NaN,KSFC000007
NaN,KSFC000007
NaN,KSFC000007
NaN,KSFC000004
NaN,KSFC000007
NaN,KSFC000006
NaN,KSFC000007
NaN,KSFC000004
NaN,KSFC000004
NaN,KSFC000004
NaN,KSFC000004
NaN,KSFC000004
NaN,KSFC000006
NaN,KSFC000007
NaN,KSFC000005
NaN,KSFC000005
NaN,KSFC000004
NaN,KSFC000007
NaN,KSFC000007
NaN,KSFC000004
NaN,KSFC000006
NaN,KSFC000007
NaN,KSFC000004
NaN,KSFC000007
NaN,KSFC000006
NaN,KSFC000004
NaN,KSFC000001
NaN,KSFC000007
NaN,KSFC000007
NaN,KSFC000007
NaN,KSFC000006
NaN,KSFC000003
NaN,KSFC000006
NaN,KSFC000007
NaN,KSFC000006
NaN,KSFC000001
NaN,KSFC000001
NaN,KSFC000001
NaN,KSFC000001
NaN,KSFC000007
NaN,KSFC000003
NaN,KSFC000006
NaN,KSFC000007
NaN,KSFC000007
NaN,KSFC000007
NaN,KSFC000004
NaN,KSFC000002
NaN,KSFC000007
NaN,KSFC000002
NaN,KSFC000006
NaN,KSFC000006
NaN,KSFC000007
NaN,KSFC000007
NaN,KSFC000007
NaN,KSFC000007
NaN,KSFC000006
NaN,KSFC000004
NaN,KSFC000003
NaN,KSFC000006
NaN,KSFC000004
NaN,KSFC000007
NaN,KSFC000007
NaN,KSFC000001
NaN,KSFC000001
NaN,KSFC000001
NaN,KSFC000001
NaN,KSFC000007
NaN,KSFC000004
NaN,KSFC000004
NaN,KSFC000004
NaN,KSFC000004
NaN,KSFC000007
NaN,KSFC000007
NaN,KSFC000006
NaN,KSFC000007
NaN,KSFC000007
NaN,KSFC000006
NaN,KSFC000006
NaN,KSFC000006
NaN,KSFC000006
NaN,KSFC000006
NaN,KSFC000004
NaN,KSFC000004
NaN,KSFC000003
NaN,KSFC000003
NaN,KSFC000007
NaN,KSFC000005
NaN,KSFC000005
NaN,KSFC000007
NaN,KSFC000004
45631,KSFC000002
45631,KSFC000002
NaN,KSFC000002
NaN,KSFC000001
NaN,KSFC000001
NaN,KSFC000001
NaN,KSFC000001
NaN,KSFC000005
NaN,KSFC000007
NaN,KSFC000004
NaN,KSFC000006
NaN,KSFC000004
NaN,KSFC000004
NaN,KSFC000005
NaN,KSFC000005
NaN,KSFC000004
NaN,KSFC000004
NaN,KSFC000007
NaN,KSFC000001
NaN,KSFC000007
NaN,KSFC000002
NaN,KSFC000001
NaN,KSFC000004
NaN,KSFC000004
NaN,KSFC000003
NaN,KSFC000006
NaN,KSFC000004
NaN,KSFC000007
NaN,KSFC000007
NaN,KSFC000004
NaN,KSFC000004
NaN,KSFC000004
NaN,KSFC000006
NaN,KSFC000005
NaN,KSFC000007
NaN,KSFC000003
NaN,KSFC000003
NaN,KSFC000007
NaN,KSFC000007
NaN,KSFC000007
NaN,KSFC000004
NaN,KSFC000004
NaN,KSFC000001
NaN,KSFC000001
NaN,KSFC000006
NaN,KSFC000007
NaN,KSFC000004
NaN,KSFC000006
NaN,KSFC000003
NaN,KSFC000007
NaN,KSFC000007
NaN,KSFC000007
NaN,KSFC000006
NaN,KSFC000005
NaN,KSFC000004
NaN,KSFC000007
NaN,KSFC000007
NaN,KSFC000007
NaN,KSFC000006
NaN,KSFC000003
NaN,KSFC000007
NaN,KSFC000002
NaN,KSFC000004
NaN,KSFC000004
NaN,KSFC000004
NaN,KSFC000004
NaN,KSFC000006
NaN,KSFC000007
NaN,KSFC000007
NaN,KSFC000007
NaN,KSFC000007
NaN,KSFC000001
NaN,KSFC000001
NaN,KSFC000001
NaN,KSFC000006
NaN,KSFC000001
NaN,KSFC000001
NaN,KSFC000007
NaN,KSFC000006
NaN,KSFC000002
27531,KSFC000006
27531,KSFC000006
NaN,KSFC000004
NaN,KSFC000004
NaN,KSFC000004
NaN,KSFC000007
NaN,KSFC000005
NaN,KSFC000004
NaN,KSFC000004
NaN,KSFC000006
NaN,KSFC000002
NaN,KSFC000007
NaN,KSFC000007
NaN,KSFC000004
NaN,KSFC000001
NaN,KSFC000002
NaN,KSFC000002
NaN,KSFC000002
NaN,KSFC000004
NaN,KSFC000005
NaN,KSFC000004
NaN,KSFC000004
NaN,KSFC000004
NaN,KSFC000004
NaN,KSFC000004
NaN,KSFC000007
NaN,KSFC000006
NaN,KSFC000003
NaN,KSFC000006
NaN,KSFC000004
NaN,KSFC000006
NaN,KSFC000007
NaN,KSFC000007
NaN,KSFC000007
NaN,KSFC000007
NaN,KSFC000007
NaN,KSFC000004
NaN,KSFC000003
NaN,KSFC000001
NaN,KSFC000001
NaN,KSFC000001
NaN,KSFC000005
NaN,KSFC000004
NaN,KSFC000006
NaN,KSFC000004
NaN,KSFC000003
NaN,KSFC000003
73615,KSFC000002
73615,KSFC000002
NaN,KSFC000007
NaN,KSFC000001
NaN,KSFC000001
NaN,KSFC000001
NaN,KSFC000002
NaN,KSFC000003
NaN,KSFC000006
NaN,KSFC000007
NaN,KSFC000006
NaN,KSFC000007
NaN,KSFC000007
NaN,KSFC000007
NaN,KSFC000004
NaN,KSFC000006
NaN,KSFC000001
NaN,KSFC000004
NaN,KSFC000007
NaN,KSFC000004
NaN,KSFC000007
NaN,KSFC000006
NaN,KSFC000005
NaN,KSFC000007
NaN,KSFC000007
NaN,KSFC000004
NaN,KSFC000004
NaN,KSFC000004
NaN,KSFC000001
NaN,KSFC000003
NaN,KSFC000007
NaN,KSFC000006
NaN,KSFC000006
NaN,KSFC000007
NaN,KSFC000002
NaN,KSFC000007
NaN,KSFC000006
NaN,KSFC000006
NaN,KSFC000005
NaN,KSFC000001
NaN,KSFC000003
NaN,KSFC000005
NaN,KSFC000006
NaN,KSFC000006
NaN,KSFC000004
NaN,KSFC000004
NaN,KSFC000004
NaN,KSFC000004
NaN,KSFC000007
NaN,KSFC000003
NaN,KSFC000004
NaN,KSFC000007
NaN,KSFC000007
NaN,KSFC000004
NaN,KSFC000006
NaN,KSFC000002
NaN,KSFC000006
NaN,KSFC000002
NaN,KSFC000002
NaN,KSFC000007
NaN,KSFC000007
NaN,KSFC000007
NaN,KSFC000002
NaN,KSFC000001
NaN,KSFC000003
NaN,KSFC000003
NaN,KSFC000003
NaN,KSFC000007
NaN,KSFC000007
NaN,KSFC000004
NaN,KSFC000007
NaN,KSFC000007
NaN,KSFC000005
NaN,KSFC000007
NaN,KSFC000006
NaN,KSFC000005
NaN,KSFC000001
NaN,KSFC000004
NaN,KSFC000004
NaN,KSFC000007
NaN,KSFC000007
NaN,KSFC000007
NaN,KSFC000007
NaN,KSFC000004
NaN,KSFC000001
NaN,KSFC000004
21316,KSFC000007
21316,KSFC000002
21316,KSFC000002
NaN,KSFC000001
NaN,KSFC000001
NaN,KSFC000007
NaN,KSFC000001
NaN,KSFC000001
NaN,KSFC000004
NaN,KSFC000004
NaN,KSFC000004
NaN,KSFC000004
NaN,KSFC000007
NaN,KSFC000002
NaN,KSFC000006
NaN,KSFC000003
NaN,KSFC000003
NaN,KSFC000005
NaN,KSFC000005
NaN,KSFC000004
NaN,KSFC000004
NaN,KSFC000007
NaN,KSFC000004
NaN,KSFC000002
NaN,KSFC000006
NaN,KSFC000007
NaN,KSFC000006
NaN,KSFC000007
NaN,KSFC000007
NaN,KSFC000007
NaN,KSFC000002
NaN,KSFC000007
NaN,KSFC000007
NaN,KSFC000007
NaN,KSFC000007
NaN,KSFC000007
NaN,KSFC000007
NaN,KSFC000004
NaN,KSFC000005
NaN,KSFC000007
NaN,KSFC000006
NaN,KSFC000002
NaN,KSFC000004
NaN,KSFC000004
NaN,KSFC000004
NaN,KSFC000003
NaN,KSFC000003
NaN,KSFC000003
NaN,KSFC000004
NaN,KSFC000007
NaN,KSFC000005
NaN,KSFC000004
NaN,KSFC000007
NaN,KSFC000007
NaN,KSFC000003
NaN,KSFC000007
NaN,KSFC000007
NaN,KSFC000006
NaN,KSFC000007
NaN,KSFC000007
NaN,KSFC000007
NaN,KSFC000002
NaN,KSFC000006
NaN,KSFC000006
NaN,KSFC000007
NaN,KSFC000007
NaN,KSFC000001
NaN,KSFC000001
NaN,KSFC000004
9882,KSFC000002
9882,KSFC000007
NaN,KSFC000006
NaN,KSFC000007
NaN,KSFC000002
NaN,KSFC000006
NaN,KSFC000004
NaN,KSFC000004
NaN,KSFC000004
NaN,KSFC000001
NaN,KSFC000006
NaN,KSFC000006
NaN,KSFC000007
NaN,KSFC000004
NaN,KSFC000007
NaN,KSFC000004
NaN,KSFC000004
NaN,KSFC000006
NaN,KSFC000004
NaN,KSFC000004
NaN,KSFC000003
NaN,KSFC000007
NaN,KSFC000004
NaN,KSFC000005
NaN,KSFC000007
NaN,KSFC000006
NaN,KSFC000007
NaN,KSFC000004
NaN,KSFC000004
NaN,KSFC000007
NaN,KSFC000007
NaN,KSFC000007
NaN,KSFC000001
NaN,KSFC000003
NaN,KSFC000003
NaN,KSFC000004
NaN,KSFC000007
NaN,KSFC000006
NaN,KSFC000006
NaN,KSFC000006
NaN,KSFC000005
NaN,KSFC000006
NaN,KSFC000004
NaN,KSFC000004
NaN,KSFC000004
NaN,KSFC000007
NaN,KSFC000007
NaN,KSFC000007
NaN,KSFC000004
NaN,KSFC000004
NaN,KSFC000004
NaN,KSFC000001
NaN,KSFC000006
NaN,KSFC000004
NaN,KSFC000007
NaN,KSFC000007
NaN,KSFC000004
NaN,KSFC000006
NaN,KSFC000002
NaN,KSFC000001
NaN,KSFC000002
NaN,KSFC000006
NaN,KSFC000003
NaN,KSFC000006
NaN,KSFC000007
NaN,KSFC000007
NaN,KSFC000002
NaN,KSFC000004
NaN,KSFC000002
NaN,KSFC000002
NaN,KSFC000004
NaN,KSFC000001
NaN,KSFC000006
NaN,KSFC000001
NaN,KSFC000006
NaN,KSFC000004
NaN,KSFC000004
NaN,KSFC000002
NaN,KSFC000007
NaN,KSFC000004
NaN,KSFC000006
NaN,KSFC000004
NaN,KSFC000006
NaN,KSFC000004
NaN,KSFC000004
NaN,KSFC000007
NaN,KSFC000006
NaN,KSFC000003
NaN,KSFC000003
NaN,KSFC000007
NaN,KSFC000006
NaN,KSFC000001
NaN,KSFC000007
NaN,KSFC000002
NaN,KSFC000004
NaN,KSFC000007
NaN,KSFC000001
NaN,KSFC000007
NaN,KSFC000003
NaN,KSFC000007
NaN,KSFC000007
NaN,KSFC000007
NaN,KSFC000005
NaN,KSFC000003
NaN,KSFC000006
NaN,KSFC000004
NaN,KSFC000006
NaN,KSFC000006
NaN,KSFC000002
8222,KSFC000002
NaN,KSFC000004
NaN,KSFC000004
NaN,KSFC000004
NaN,KSFC000002
NaN,KSFC000007
NaN,KSFC000007
NaN,KSFC000004
NaN,KSFC000001
NaN,KSFC000004
NaN,KSFC000007
NaN,KSFC000007
NaN,KSFC000006
NaN,KSFC000007
NaN,KSFC000004
NaN,KSFC000004
NaN,KSFC000007
NaN,KSFC000002
NaN,KSFC000002
NaN,KSFC000002
NaN,KSFC000007
NaN,KSFC000004
NaN,KSFC000007
NaN,KSFC000001
NaN,KSFC000001
NaN,KSFC000007
NaN,KSFC000007
NaN,KSFC000007
NaN,KSFC000007
NaN,KSFC000001
NaN,KSFC000004
NaN,KSFC000007
NaN,KSFC000004
NaN,KSFC000006
NaN,KSFC000007
NaN,KSFC000007
NaN,KSFC000006
NaN,KSFC000006
NaN,KSFC000006
NaN,KSFC000004
NaN,KSFC000006
NaN,KSFC000004
NaN,KSFC000004
NaN,KSFC000001
NaN,KSFC000001
NaN,KSFC000001
NaN,KSFC000004
NaN,KSFC000006
NaN,KSFC000004
NaN,KSFC000004
NaN,KSFC000004
NaN,KSFC000004
NaN,KSFC000004
NaN,KSFC000004
NaN,KSFC000006
NaN,KSFC000004
NaN,KSFC000004
NaN,KSFC000005
NaN,KSFC000007
NaN,KSFC000003
NaN,KSFC000006
NaN,KSFC000006
NaN,KSFC000007
NaN,KSFC000004
NaN,KSFC000006
NaN,KSFC000007
NaN,KSFC000002
NaN,KSFC000007
NaN,KSFC000004
NaN,KSFC000005
NaN,KSFC000006
NaN,KSFC000002
NaN,KSFC000004
NaN,KSFC000004
NaN,KSFC000007
NaN,KSFC000004
NaN,KSFC000007
NaN,KSFC000007
NaN,KSFC000007
NaN,KSFC000002
NaN,KSFC000004
NaN,KSFC000004
NaN,KSFC000004
NaN,KSFC000007
NaN,KSFC000004
NaN,KSFC000006
NaN,KSFC000007
NaN,KSFC000004
NaN,KSFC000006
NaN,KSFC000007
NaN,KSFC000004
NaN,KSFC000004
NaN,KSFC000007
NaN,KSFC000004
NaN,KSFC000004
NaN,KSFC000007
NaN,KSFC000002
NaN,KSFC000006
NaN,KSFC000006
NaN,KSFC000004
NaN,KSFC000007
NaN,KSFC000006
NaN,KSFC000004
NaN,KSFC000001
NaN,KSFC000006
NaN,KSFC000007
NaN,KSFC000004
NaN,KSFC000004
NaN,KSFC000004
NaN,KSFC000004
NaN,KSFC000006
NaN,KSFC000006
NaN,KSFC000007
NaN,KSFC000004
NaN,KSFC000001
NaN,KSFC000001
NaN,KSFC000007
NaN,KSFC000007
NaN,KSFC000007
NaN,KSFC000004
NaN,KSFC000007
NaN,KSFC000004
NaN,KSFC000004
NaN,KSFC000001
NaN,KSFC000001
NaN,KSFC000007
NaN,KSFC000007
NaN,KSFC000004
NaN,KSFC000004
NaN,KSFC000004
NaN,KSFC000006
NaN,KSFC000007
NaN,KSFC000007
NaN,KSFC000004
NaN,KSFC000004
NaN,KSFC000007
NaN,KSFC000006
NaN,KSFC000007
NaN,KSFC000004
NaN,KSFC000001
NaN,KSFC000003
6849,KSFC000002
NaN,KSFC000007
NaN,KSFC000007
NaN,KSFC000007
NaN,KSFC000007
NaN,KSFC000007
NaN,KSFC000007
NaN,KSFC000007
NaN,KSFC000007
NaN,KSFC000007
NaN,KSFC000002
NaN,KSFC000007
NaN,KSFC000006
NaN,KSFC000007
NaN,KSFC000001
NaN,KSFC000004
NaN,KSFC000007
NaN,KSFC000004
NaN,KSFC000007
NaN,KSFC000005
NaN,KSFC000006
NaN,KSFC000007
NaN,KSFC000007
NaN,KSFC000004
NaN,KSFC000004
NaN,KSFC000004
NaN,KSFC000007
NaN,KSFC000006
NaN,KSFC000004
NaN,KSFC000007
NaN,KSFC000006
NaN,KSFC000006
NaN,KSFC000006
NaN,KSFC000004
NaN,KSFC000004
NaN,KSFC000006
NaN,KSFC000007
NaN,KSFC000003
NaN,KSFC000001
NaN,KSFC000007
NaN,KSFC000002
NaN,KSFC000001
NaN,KSFC000006
NaN,KSFC000004
NaN,KSFC000004
NaN,KSFC000001
NaN,KSFC000004
NaN,KSFC000002
NaN,KSFC000006
NaN,KSFC000003
NaN,KSFC000003
NaN,KSFC000004
NaN,KSFC000004
NaN,KSFC000004
NaN,KSFC000004
NaN,KSFC000007
NaN,KSFC000004
NaN,KSFC000006
NaN,KSFC000006
NaN,KSFC000004
NaN,KSFC000004
NaN,KSFC000006
NaN,KSFC000004
NaN,KSFC000007
NaN,KSFC000004
NaN,KSFC000004
NaN,KSFC000004
NaN,KSFC000004
NaN,KSFC000004
NaN,KSFC000004
NaN,KSFC000004
NaN,KSFC000004
NaN,KSFC000007
NaN,KSFC000007
NaN,KSFC000007
NaN,KSFC000003
NaN,KSFC000007
NaN,KSFC000002
NaN,KSFC000001
NaN,KSFC000001
NaN,KSFC000007
NaN,KSFC000007
NaN,KSFC000007
NaN,KSFC000005
NaN,KSFC000007
6283,KSFC000004
NaN,KSFC000004
NaN,KSFC000006
NaN,KSFC000003
NaN,KSFC000003
NaN,KSFC000001
NaN,KSFC000007
NaN,KSFC000007
NaN,KSFC000001
NaN,KSFC000004
NaN,KSFC000006
NaN,KSFC000005
NaN,KSFC000006
NaN,KSFC000001
NaN,KSFC000007
NaN,KSFC000005
NaN,KSFC000005
NaN,KSFC000005
NaN,KSFC000005
NaN,KSFC000005
NaN,KSFC000005
NaN,KSFC000001
NaN,KSFC000007
NaN,KSFC000006
NaN,KSFC000007
NaN,KSFC000007
NaN,KSFC000001
NaN,KSFC000004
NaN,KSFC000006
NaN,KSFC000004
NaN,KSFC000007
NaN,KSFC000004
NaN,KSFC000002
NaN,KSFC000007
NaN,KSFC000006
NaN,KSFC000006
NaN,KSFC000007
NaN,KSFC000007
NaN,KSFC000002
NaN,KSFC000007
NaN,KSFC000006
NaN,KSFC000001
NaN,KSFC000004
NaN,KSFC000006
NaN,KSFC000004
NaN,KSFC000007
NaN,KSFC000007
NaN,KSFC000007
NaN,KSFC000007
NaN,KSFC000004
NaN,KSFC000007
NaN,KSFC000001
NaN,KSFC000001
NaN,KSFC000001
NaN,KSFC000007
NaN,KSFC000007
NaN,KSFC000007
NaN,KSFC000004
NaN,KSFC000007
NaN,KSFC000007
NaN,KSFC000004
NaN,KSFC000005
39060,KSFC000004
39060,KSFC000005
39060,KSFC000005
NaN,KSFC000004
NaN,KSFC000004
NaN,KSFC000004
NaN,KSFC000005
NaN,KSFC000007
NaN,KSFC000007
NaN,KSFC000001
NaN,KSFC000007
NaN,KSFC000004
NaN,KSFC000004
NaN,KSFC000004
NaN,KSFC000004
NaN,KSFC000006
NaN,KSFC000002
NaN,KSFC000004
NaN,KSFC000004
NaN,KSFC000004
NaN,KSFC000006
NaN,KSFC000006
NaN,KSFC000007
NaN,KSFC000007
NaN,KSFC000002
NaN,KSFC000006
NaN,KSFC000006
NaN,KSFC000003
NaN,KSFC000006
NaN,KSFC000004
NaN,KSFC000007
NaN,KSFC000007
NaN,KSFC000007
NaN,KSFC000007
NaN,KSFC000007
NaN,KSFC000007
NaN,KSFC000007
NaN,KSFC000001
NaN,KSFC000001
NaN,KSFC000001
NaN,KSFC000004
NaN,KSFC000004
NaN,KSFC000003
NaN,KSFC000006
NaN,KSFC000006
NaN,KSFC000007
NaN,KSFC000007
NaN,KSFC000006
NaN,KSFC000007
NaN,KSFC000003
NaN,KSFC000006
NaN,KSFC000006
NaN,KSFC000004
NaN,KSFC000003
NaN,KSFC000007
NaN,KSFC000006
NaN,KSFC000006
NaN,KSFC000006
NaN,KSFC000002
NaN,KSFC000003
NaN,KSFC000003
NaN,KSFC000007
NaN,KSFC000004
NaN,KSFC000007
NaN,KSFC000007
NaN,KSFC000004
NaN,KSFC000006
NaN,KSFC000004
NaN,KSFC000006
NaN,KSFC000004
NaN,KSFC000006
NaN,KSFC000006
NaN,KSFC000007
NaN,KSFC000006
NaN,KSFC000006
NaN,KSFC000006
NaN,KSFC000006
NaN,KSFC000006
NaN,KSFC000006
NaN,KSFC000006
NaN,KSFC000007
NaN,KSFC000006
NaN,KSFC000006
NaN,KSFC000006
NaN,KSFC000004
NaN,KSFC000004
NaN,KSFC000005
NaN,KSFC000007
NaN,KSFC000006
NaN,KSFC000007
NaN,KSFC000007
NaN,KSFC000007
NaN,KSFC000002
NaN,KSFC000001
NaN,KSFC000005
NaN,KSFC000004
NaN,KSFC000004
NaN,KSFC000004
NaN,KSFC000004
NaN,KSFC000004
NaN,KSFC000007
NaN,KSFC000007
NaN,KSFC000004
NaN,KSFC000007
NaN,KSFC000007
67034,KSFC000007
67034,KSFC000007
67034,KSFC000007
67034,KSFC000007
NaN,KSFC000003
NaN,KSFC000005
NaN,KSFC000001
NaN,KSFC000001
NaN,KSFC000007
NaN,KSFC000002
NaN,KSFC000006
NaN,KSFC000006
NaN,KSFC000004
NaN,KSFC000004
NaN,KSFC000004
NaN,KSFC000006
NaN,KSFC000007
NaN,KSFC000003
NaN,KSFC000003
NaN,KSFC000006
NaN,KSFC000006
NaN,KSFC000006
NaN,KSFC000004
NaN,KSFC000006
NaN,KSFC000005
NaN,KSFC000007
NaN,KSFC000006
NaN,KSFC000005
NaN,KSFC000005
NaN,KSFC000005
NaN,KSFC000004
NaN,KSFC000005
NaN,KSFC000005
NaN,KSFC000004
NaN,KSFC000005
NaN,KSFC000004
NaN,KSFC000003
NaN,KSFC000003
NaN,KSFC000003
NaN,KSFC000006
NaN,KSFC000004
NaN,KSFC000004
NaN,KSFC000007
NaN,KSFC000007
NaN,KSFC000006
NaN,KSFC000003
NaN,KSFC000006
NaN,KSFC000007
NaN,KSFC000004
NaN,KSFC000004
NaN,KSFC000006
NaN,KSFC000006
NaN,KSFC000001
NaN,KSFC000001
NaN,KSFC000002
NaN,KSFC000007
NaN,KSFC000007
NaN,KSFC000007
NaN,KSFC000006
NaN,KSFC000007
NaN,KSFC000007
NaN,KSFC000004
NaN,KSFC000007
NaN,KSFC000006
NaN,KSFC000006
NaN,KSFC000005
NaN,KSFC000005
NaN,KSFC000006
NaN,KSFC000005
NaN,KSFC000005
NaN,KSFC000007
NaN,KSFC000007
NaN,KSFC000007
NaN,KSFC000005
NaN,KSFC000006
NaN,KSFC000006
NaN,KSFC000007
NaN,KSFC000004
NaN,KSFC000004
NaN,KSFC000007
NaN,KSFC000004
NaN,KSFC000002
NaN,KSFC000002
NaN,KSFC000004
NaN,KSFC000004
NaN,KSFC000007
NaN,KSFC000002
NaN,KSFC000001
NaN,KSFC000006
NaN,KSFC000006
NaN,KSFC000006
NaN,KSFC000003
NaN,KSFC000006
NaN,KSFC000005
NaN,KSFC000007
NaN,KSFC000006
NaN,KSFC000004
NaN,KSFC000007
NaN,KSFC000002
NaN,KSFC000006
NaN,KSFC000004
NaN,KSFC000004
NaN,KSFC000002
NaN,KSFC000005
NaN,KSFC000006
NaN,KSFC000006
NaN,KSFC000003
NaN,KSFC000006
NaN,KSFC000006
NaN,KSFC000004
NaN,KSFC000004
NaN,KSFC000007
NaN,KSFC000003
NaN,KSFC000004
NaN,KSFC000004
NaN,KSFC000003
NaN,KSFC000005
NaN,KSFC000006
NaN,KSFC000006
NaN,KSFC000006
NaN,KSFC000006
NaN,KSFC000006
NaN,KSFC000007
NaN,KSFC000001
NaN,KSFC000006
NaN,KSFC000002
NaN,KSFC000007
NaN,KSFC000007
NaN,KSFC000007
NaN,KSFC000007
NaN,KSFC000003
NaN,KSFC000006
NaN,KSFC000004
NaN,KSFC000007
NaN,KSFC000006
NaN,KSFC000007
NaN,KSFC000007
NaN,KSFC000007
NaN,KSFC000006
NaN,KSFC000001
NaN,KSFC000006
NaN,KSFC000007
NaN,KSFC000007
NaN,KSFC000007
NaN,KSFC000004
NaN,KSFC000005
NaN,KSFC000005
NaN,KSFC000006
NaN,KSFC000006
NaN,KSFC000004
NaN,KSFC000007
NaN,KSFC000006
NaN,KSFC000004
NaN,KSFC000004
NaN,KSFC000007
NaN,KSFC000007
NaN,KSFC000006
NaN,KSFC000007
NaN,KSFC000007
NaN,KSFC000007
NaN,KSFC000007
NaN,KSFC000007
NaN,KSFC000003
NaN,KSFC000006
NaN,KSFC000006
NaN,KSFC000001
NaN,KSFC000006
NaN,KSFC000005
NaN,KSFC000007
NaN,KSFC000004
NaN,KSFC000003
NaN,KSFC000006
NaN,KSFC000002
NaN,KSFC000004
NaN,KSFC000004
NaN,KSFC000005
NaN,KSFC000007
NaN,KSFC000007
NaN,KSFC000007
NaN,KSFC000004
NaN,KSFC000001
NaN,KSFC000006
NaN,KSFC000001
NaN,KSFC000001
NaN,KSFC000007
NaN,KSFC000002
NaN,KSFC000002
NaN,KSFC000004
NaN,KSFC000004
NaN,KSFC000003
NaN,KSFC000007
NaN,KSFC000007
NaN,KSFC000002
NaN,KSFC000007
NaN,KSFC000007
NaN,KSFC000007
NaN,KSFC000007
NaN,KSFC000007
NaN,KSFC000004
NaN,KSFC000002
NaN,KSFC000007
NaN,KSFC000007
NaN,KSFC000003
NaN,KSFC000003
NaN,KSFC000004
NaN,KSFC000006
NaN,KSFC000007
NaN,KSFC000007
NaN,KSFC000003
NaN,KSFC000007
NaN,KSFC000002
NaN,KSFC000006
NaN,KSFC000007
NaN,KSFC000004
NaN,KSFC000006
NaN,KSFC000006
NaN,KSFC000001
NaN,KSFC000003
NaN,KSFC000003
NaN,KSFC000005
NaN,KSFC000004
NaN,KSFC000004
NaN,KSFC000007
NaN,KSFC000003
NaN,KSFC000007
NaN,KSFC000006
NaN,KSFC000006
NaN,KSFC000006
NaN,KSFC000005
NaN,KSFC000006
NaN,KSFC000007
NaN,KSFC000007
NaN,KSFC000003
NaN,KSFC000003
NaN,KSFC000001
NaN,KSFC000001
NaN,KSFC000004
NaN,KSFC000004
NaN,KSFC000006
NaN,KSFC000004
NaN,KSFC000006
NaN,KSFC000006
NaN,KSFC000004
NaN,KSFC000004
NaN,KSFC000005
NaN,KSFC000004
NaN,KSFC000007
NaN,KSFC000007
NaN,KSFC000007
NaN,KSFC000004
NaN,KSFC000006
NaN,KSFC000003
NaN,KSFC000004
NaN,KSFC000004
NaN,KSFC000007
NaN,KSFC000003
NaN,KSFC000007
NaN,KSFC000002
NaN,KSFC000004
NaN,KSFC000004
NaN,KSFC000003
NaN,KSFC000006
NaN,KSFC000007
NaN,KSFC000006
NaN,KSFC000006
NaN,KSFC000004
NaN,KSFC000006
NaN,KSFC000004
NaN,KSFC000004
NaN,KSFC000004
NaN,KSFC000007
NaN,KSFC000007
NaN,KSFC000004
NaN,KSFC000006
NaN,KSFC000004
NaN,KSFC000003
NaN,KSFC000001
NaN,KSFC000007
NaN,KSFC000001
NaN,KSFC000002
NaN,KSFC000007
NaN,KSFC000002
NaN,KSFC000006
NaN,KSFC000007
NaN,KSFC000007
NaN,KSFC000007
NaN,KSFC000006
NaN,KSFC000005
NaN,KSFC000007
NaN,KSFC000003
NaN,KSFC000006
NaN,KSFC000007
NaN,KSFC000004
NaN,KSFC000006
NaN,KSFC000004
NaN,KSFC000004
NaN,KSFC000006
NaN,KSFC000007
NaN,KSFC000007
NaN,KSFC000007
NaN,KSFC000004
NaN,KSFC000007
NaN,KSFC000006
NaN,KSFC000005
NaN,KSFC000002
NaN,KSFC000005
NaN,KSFC000004
NaN,KSFC000004
NaN,KSFC000007
NaN,KSFC000007
NaN,KSFC000003
NaN,KSFC000004
NaN,KSFC000004
NaN,KSFC000004
NaN,KSFC000003
NaN,KSFC000004
NaN,KSFC000004
NaN,KSFC000003
NaN,KSFC000007
NaN,KSFC000006
NaN,KSFC000006
NaN,KSFC000006
NaN,KSFC000007
NaN,KSFC000007
NaN,KSFC000003
NaN,KSFC000006
NaN,KSFC000007
NaN,KSFC000007
NaN,KSFC000007
NaN,KSFC000006
NaN,KSFC000004
NaN,KSFC000004
NaN,KSFC000007
NaN,KSFC000001
NaN,KSFC000001
NaN,KSFC000006
NaN,KSFC000006
NaN,KSFC000007
NaN,KSFC000006
NaN,KSFC000006
NaN,KSFC000006
NaN,KSFC000006
NaN,KSFC000006
NaN,KSFC000005
NaN,KSFC000004
NaN,KSFC000004
NaN,KSFC000007
NaN,KSFC000003
NaN,KSFC000007
NaN,KSFC000007
NaN,KSFC000007
NaN,KSFC000007
NaN,KSFC000005
NaN,KSFC000007
NaN,KSFC000007
NaN,KSFC000006
NaN,KSFC000006
NaN,KSFC000006
NaN,KSFC000001
NaN,KSFC000001
NaN,KSFC000007
NaN,KSFC000005
NaN,KSFC000005
NaN,KSFC000006
NaN,KSFC000006
NaN,KSFC000001
NaN,KSFC000007
NaN,KSFC000007
NaN,KSFC000007
NaN,KSFC000006
NaN,KSFC000004
NaN,KSFC000003
NaN,KSFC000007
NaN,KSFC000007
NaN,KSFC000001
NaN,KSFC000007
NaN,KSFC000005
NaN,KSFC000007
NaN,KSFC000007
NaN,KSFC000007
NaN,KSFC000003
NaN,KSFC000005
NaN,KSFC000007
NaN,KSFC000005
NaN,KSFC000007
NaN,KSFC000006
NaN,KSFC000007
NaN,KSFC000007
NaN,KSFC000007
NaN,KSFC000007
NaN,KSFC000004
NaN,KSFC000004
NaN,KSFC000007
NaN,KSFC000007
NaN,KSFC000007
NaN,KSFC000001
NaN,KSFC000007
